scenarioId,dob,asOf,age,numberOfDoses,doseDatesIso,codePath,status,doseLabel,product,recommendedDate
synflorix-2-count-without-dates-age42d,15/01/2022,26/02/2022,0y 1m 11d,1,"","calculatePcv → standardPrimaryPlusBooster / infant path (doses[] empty)",eligible-now,doseLabel_dose1,synflorix,2022-03-15
synflorix-5-count-without-dates-age42d,15/01/2022,26/02/2022,0y 1m 11d,2,"","calculatePcv → standardPrimaryPlusBooster / infant path (doses[] empty)",eligible-now,doseLabel_dose1,synflorix,2022-03-15
synflorix-8-count-without-dates-age42d,15/01/2022,26/02/2022,0y 1m 11d,3,"","calculatePcv → standardPrimaryPlusBooster / infant path (doses[] empty)",eligible-now,doseLabel_dose1,synflorix,2022-03-15
synflorix-11-count-without-dates-age49d,15/01/2022,05/03/2022,0y 1m 18d,1,"","calculatePcv → standardPrimaryPlusBooster / infant path (doses[] empty)",eligible-now,doseLabel_dose1,synflorix,2022-03-15
synflorix-14-count-without-dates-age49d,15/01/2022,05/03/2022,0y 1m 18d,2,"","calculatePcv → standardPrimaryPlusBooster / infant path (doses[] empty)",eligible-now,doseLabel_dose1,synflorix,2022-03-15
synflorix-17-count-without-dates-age49d,15/01/2022,05/03/2022,0y 1m 18d,3,"","calculatePcv → standardPrimaryPlusBooster / infant path (doses[] empty)",eligible-now,doseLabel_dose1,synflorix,2022-03-15
synflorix-20-count-without-dates-age56d,15/01/2022,12/03/2022,0y 1m 25d,1,"","calculatePcv → standardPrimaryPlusBooster / infant path (doses[] empty)",eligible-now,doseLabel_dose1,synflorix,2022-03-15
synflorix-23-count-without-dates-age56d,15/01/2022,12/03/2022,0y 1m 25d,2,"","calculatePcv → standardPrimaryPlusBooster / infant path (doses[] empty)",eligible-now,doseLabel_dose1,synflorix,2022-03-15
synflorix-26-count-without-dates-age56d,15/01/2022,12/03/2022,0y 1m 25d,3,"","calculatePcv → standardPrimaryPlusBooster / infant path (doses[] empty)",eligible-now,doseLabel_dose1,synflorix,2022-03-15
synflorix-29-count-without-dates-age63d,15/01/2022,19/03/2022,0y 2m 4d,1,"","calculatePcv → standardPrimaryPlusBooster / infant path (doses[] empty)",due-now,doseLabel_dose1,synflorix,
synflorix-32-count-without-dates-age63d,15/01/2022,19/03/2022,0y 2m 4d,2,"","calculatePcv → standardPrimaryPlusBooster / infant path (doses[] empty)",due-now,doseLabel_dose1,synflorix,
synflorix-35-count-without-dates-age63d,15/01/2022,19/03/2022,0y 2m 4d,3,"","calculatePcv → standardPrimaryPlusBooster / infant path (doses[] empty)",due-now,doseLabel_dose1,synflorix,
synflorix-38-count-without-dates-age70d,15/01/2022,26/03/2022,0y 2m 11d,1,"","calculatePcv → standardPrimaryPlusBooster / infant path (doses[] empty)",due-now,doseLabel_dose1,synflorix,
synflorix-41-count-without-dates-age70d,15/01/2022,26/03/2022,0y 2m 11d,2,"","calculatePcv → standardPrimaryPlusBooster / infant path (doses[] empty)",due-now,doseLabel_dose1,synflorix,
synflorix-44-count-without-dates-age70d,15/01/2022,26/03/2022,0y 2m 11d,3,"","calculatePcv → standardPrimaryPlusBooster / infant path (doses[] empty)",due-now,doseLabel_dose1,synflorix,
synflorix-47-count-without-dates-age77d,15/01/2022,02/04/2022,0y 2m 18d,1,"","calculatePcv → standardPrimaryPlusBooster / infant path (doses[] empty)",due-now,doseLabel_dose1,synflorix,
synflorix-50-count-without-dates-age77d,15/01/2022,02/04/2022,0y 2m 18d,2,"","calculatePcv → standardPrimaryPlusBooster / infant path (doses[] empty)",due-now,doseLabel_dose1,synflorix,
synflorix-53-count-without-dates-age77d,15/01/2022,02/04/2022,0y 2m 18d,3,"","calculatePcv → standardPrimaryPlusBooster / infant path (doses[] empty)",due-now,doseLabel_dose1,synflorix,
synflorix-56-count-without-dates-age84d,15/01/2022,09/04/2022,0y 2m 25d,1,"","calculatePcv → standardPrimaryPlusBooster / infant path (doses[] empty)",due-now,doseLabel_dose1,synflorix,
synflorix-59-count-without-dates-age84d,15/01/2022,09/04/2022,0y 2m 25d,2,"","calculatePcv → standardPrimaryPlusBooster / infant path (doses[] empty)",due-now,doseLabel_dose1,synflorix,
synflorix-62-count-without-dates-age84d,15/01/2022,09/04/2022,0y 2m 25d,3,"","calculatePcv → standardPrimaryPlusBooster / infant path (doses[] empty)",due-now,doseLabel_dose1,synflorix,
synflorix-65-count-without-dates-age91d,15/01/2022,16/04/2022,0y 3m 1d,1,"","calculatePcv → standardPrimaryPlusBooster / infant path (doses[] empty)",due-now,doseLabel_dose1,synflorix,
synflorix-68-count-without-dates-age91d,15/01/2022,16/04/2022,0y 3m 1d,2,"","calculatePcv → standardPrimaryPlusBooster / infant path (doses[] empty)",due-now,doseLabel_dose1,synflorix,
synflorix-71-count-without-dates-age91d,15/01/2022,16/04/2022,0y 3m 1d,3,"","calculatePcv → standardPrimaryPlusBooster / infant path (doses[] empty)",due-now,doseLabel_dose1,synflorix,
synflorix-74-count-without-dates-age98d,15/01/2022,23/04/2022,0y 3m 8d,1,"","calculatePcv → standardPrimaryPlusBooster / infant path (doses[] empty)",due-now,doseLabel_dose1,synflorix,
synflorix-77-count-without-dates-age98d,15/01/2022,23/04/2022,0y 3m 8d,2,"","calculatePcv → standardPrimaryPlusBooster / infant path (doses[] empty)",due-now,doseLabel_dose1,synflorix,
synflorix-80-count-without-dates-age98d,15/01/2022,23/04/2022,0y 3m 8d,3,"","calculatePcv → standardPrimaryPlusBooster / infant path (doses[] empty)",due-now,doseLabel_dose1,synflorix,
synflorix-83-count-without-dates-age105d,15/01/2022,30/04/2022,0y 3m 15d,1,"","calculatePcv → standardPrimaryPlusBooster / infant path (doses[] empty)",due-now,doseLabel_dose1,synflorix,
synflorix-86-count-without-dates-age105d,15/01/2022,30/04/2022,0y 3m 15d,2,"","calculatePcv → standardPrimaryPlusBooster / infant path (doses[] empty)",due-now,doseLabel_dose1,synflorix,
synflorix-89-count-without-dates-age105d,15/01/2022,30/04/2022,0y 3m 15d,3,"","calculatePcv → standardPrimaryPlusBooster / infant path (doses[] empty)",due-now,doseLabel_dose1,synflorix,
synflorix-92-count-without-dates-age112d,15/01/2022,07/05/2022,0y 3m 22d,1,"","calculatePcv → standardPrimaryPlusBooster / infant path (doses[] empty)",due-now,doseLabel_dose1,synflorix,
synflorix-95-count-without-dates-age112d,15/01/2022,07/05/2022,0y 3m 22d,2,"","calculatePcv → standardPrimaryPlusBooster / infant path (doses[] empty)",due-now,doseLabel_dose1,synflorix,
synflorix-98-count-without-dates-age112d,15/01/2022,07/05/2022,0y 3m 22d,3,"","calculatePcv → standardPrimaryPlusBooster / infant path (doses[] empty)",due-now,doseLabel_dose1,synflorix,
synflorix-101-count-without-dates-age119d,15/01/2022,14/05/2022,0y 3m 29d,1,"","calculatePcv → standardPrimaryPlusBooster / infant path (doses[] empty)",due-now,doseLabel_dose1,synflorix,
synflorix-104-count-without-dates-age119d,15/01/2022,14/05/2022,0y 3m 29d,2,"","calculatePcv → standardPrimaryPlusBooster / infant path (doses[] empty)",due-now,doseLabel_dose1,synflorix,
synflorix-107-count-without-dates-age119d,15/01/2022,14/05/2022,0y 3m 29d,3,"","calculatePcv → standardPrimaryPlusBooster / infant path (doses[] empty)",due-now,doseLabel_dose1,synflorix,
synflorix-110-count-without-dates-age126d,15/01/2022,21/05/2022,0y 4m 6d,1,"","calculatePcv → standardPrimaryPlusBooster / infant path (doses[] empty)",due-now,doseLabel_dose1,synflorix,
synflorix-113-count-without-dates-age126d,15/01/2022,21/05/2022,0y 4m 6d,2,"","calculatePcv → standardPrimaryPlusBooster / infant path (doses[] empty)",due-now,doseLabel_dose1,synflorix,
synflorix-116-count-without-dates-age126d,15/01/2022,21/05/2022,0y 4m 6d,3,"","calculatePcv → standardPrimaryPlusBooster / infant path (doses[] empty)",due-now,doseLabel_dose1,synflorix,
synflorix-119-count-without-dates-age133d,15/01/2022,28/05/2022,0y 4m 13d,1,"","calculatePcv → standardPrimaryPlusBooster / infant path (doses[] empty)",due-now,doseLabel_dose1,synflorix,
synflorix-122-count-without-dates-age133d,15/01/2022,28/05/2022,0y 4m 13d,2,"","calculatePcv → standardPrimaryPlusBooster / infant path (doses[] empty)",due-now,doseLabel_dose1,synflorix,
synflorix-125-count-without-dates-age133d,15/01/2022,28/05/2022,0y 4m 13d,3,"","calculatePcv → standardPrimaryPlusBooster / infant path (doses[] empty)",due-now,doseLabel_dose1,synflorix,
synflorix-128-count-without-dates-age140d,15/01/2022,04/06/2022,0y 4m 20d,1,"","calculatePcv → standardPrimaryPlusBooster / infant path (doses[] empty)",due-now,doseLabel_dose1,synflorix,
synflorix-131-count-without-dates-age140d,15/01/2022,04/06/2022,0y 4m 20d,2,"","calculatePcv → standardPrimaryPlusBooster / infant path (doses[] empty)",due-now,doseLabel_dose1,synflorix,
synflorix-134-count-without-dates-age140d,15/01/2022,04/06/2022,0y 4m 20d,3,"","calculatePcv → standardPrimaryPlusBooster / infant path (doses[] empty)",due-now,doseLabel_dose1,synflorix,
synflorix-137-count-without-dates-age147d,15/01/2022,11/06/2022,0y 4m 27d,1,"","calculatePcv → standardPrimaryPlusBooster / infant path (doses[] empty)",due-now,doseLabel_dose1,synflorix,
synflorix-140-count-without-dates-age147d,15/01/2022,11/06/2022,0y 4m 27d,2,"","calculatePcv → standardPrimaryPlusBooster / infant path (doses[] empty)",due-now,doseLabel_dose1,synflorix,
synflorix-143-count-without-dates-age147d,15/01/2022,11/06/2022,0y 4m 27d,3,"","calculatePcv → standardPrimaryPlusBooster / infant path (doses[] empty)",due-now,doseLabel_dose1,synflorix,
synflorix-146-count-without-dates-age154d,15/01/2022,18/06/2022,0y 5m 3d,1,"","calculatePcv → standardPrimaryPlusBooster / infant path (doses[] empty)",due-now,doseLabel_dose1,synflorix,
synflorix-149-count-without-dates-age154d,15/01/2022,18/06/2022,0y 5m 3d,2,"","calculatePcv → standardPrimaryPlusBooster / infant path (doses[] empty)",due-now,doseLabel_dose1,synflorix,
synflorix-152-count-without-dates-age154d,15/01/2022,18/06/2022,0y 5m 3d,3,"","calculatePcv → standardPrimaryPlusBooster / infant path (doses[] empty)",due-now,doseLabel_dose1,synflorix,
synflorix-155-count-without-dates-age161d,15/01/2022,25/06/2022,0y 5m 10d,1,"","calculatePcv → standardPrimaryPlusBooster / infant path (doses[] empty)",due-now,doseLabel_dose1,synflorix,
synflorix-158-count-without-dates-age161d,15/01/2022,25/06/2022,0y 5m 10d,2,"","calculatePcv → standardPrimaryPlusBooster / infant path (doses[] empty)",due-now,doseLabel_dose1,synflorix,
synflorix-161-count-without-dates-age161d,15/01/2022,25/06/2022,0y 5m 10d,3,"","calculatePcv → standardPrimaryPlusBooster / infant path (doses[] empty)",due-now,doseLabel_dose1,synflorix,
synflorix-164-count-without-dates-age168d,15/01/2022,02/07/2022,0y 5m 17d,1,"","calculatePcv → standardPrimaryPlusBooster / infant path (doses[] empty)",due-now,doseLabel_dose1,synflorix,
synflorix-167-count-without-dates-age168d,15/01/2022,02/07/2022,0y 5m 17d,2,"","calculatePcv → standardPrimaryPlusBooster / infant path (doses[] empty)",due-now,doseLabel_dose1,synflorix,
synflorix-170-count-without-dates-age168d,15/01/2022,02/07/2022,0y 5m 17d,3,"","calculatePcv → standardPrimaryPlusBooster / infant path (doses[] empty)",due-now,doseLabel_dose1,synflorix,
synflorix-173-count-without-dates-age175d,15/01/2022,09/07/2022,0y 5m 24d,1,"","calculatePcv → standardPrimaryPlusBooster / infant path (doses[] empty)",due-now,doseLabel_dose1,synflorix,
synflorix-176-count-without-dates-age175d,15/01/2022,09/07/2022,0y 5m 24d,2,"","calculatePcv → standardPrimaryPlusBooster / infant path (doses[] empty)",due-now,doseLabel_dose1,synflorix,
synflorix-179-count-without-dates-age175d,15/01/2022,09/07/2022,0y 5m 24d,3,"","calculatePcv → standardPrimaryPlusBooster / infant path (doses[] empty)",due-now,doseLabel_dose1,synflorix,
synflorix-182-count-without-dates-age182d,15/01/2022,16/07/2022,0y 6m 1d,1,"","calculatePcv → standardPrimaryPlusBooster / infant path (doses[] empty)",due-now,doseLabel_dose1,synflorix,
synflorix-185-count-without-dates-age182d,15/01/2022,16/07/2022,0y 6m 1d,2,"","calculatePcv → standardPrimaryPlusBooster / infant path (doses[] empty)",due-now,doseLabel_dose1,synflorix,
synflorix-188-count-without-dates-age182d,15/01/2022,16/07/2022,0y 6m 1d,3,"","calculatePcv → standardPrimaryPlusBooster / infant path (doses[] empty)",due-now,doseLabel_dose1,synflorix,
synflorix-191-count-without-dates-age189d,15/01/2022,23/07/2022,0y 6m 8d,1,"","calculatePcv → standardPrimaryPlusBooster / infant path (doses[] empty)",due-now,doseLabel_dose1,synflorix,
synflorix-194-count-without-dates-age189d,15/01/2022,23/07/2022,0y 6m 8d,2,"","calculatePcv → standardPrimaryPlusBooster / infant path (doses[] empty)",due-now,doseLabel_dose1,synflorix,
synflorix-197-count-without-dates-age189d,15/01/2022,23/07/2022,0y 6m 8d,3,"","calculatePcv → standardPrimaryPlusBooster / infant path (doses[] empty)",due-now,doseLabel_dose1,synflorix,
synflorix-200-count-without-dates-age196d,15/01/2022,30/07/2022,0y 6m 15d,1,"","calculatePcv → standardPrimaryPlusBooster / infant path (doses[] empty)",due-now,doseLabel_dose1,synflorix,
synflorix-203-count-without-dates-age196d,15/01/2022,30/07/2022,0y 6m 15d,2,"","calculatePcv → standardPrimaryPlusBooster / infant path (doses[] empty)",due-now,doseLabel_dose1,synflorix,
synflorix-206-count-without-dates-age196d,15/01/2022,30/07/2022,0y 6m 15d,3,"","calculatePcv → standardPrimaryPlusBooster / infant path (doses[] empty)",due-now,doseLabel_dose1,synflorix,
synflorix-209-count-without-dates-age203d,15/01/2022,06/08/2022,0y 6m 22d,1,"","calculatePcv → standardPrimaryPlusBooster / infant path (doses[] empty)",due-now,doseLabel_dose1,synflorix,
synflorix-212-count-without-dates-age203d,15/01/2022,06/08/2022,0y 6m 22d,2,"","calculatePcv → standardPrimaryPlusBooster / infant path (doses[] empty)",due-now,doseLabel_dose1,synflorix,
synflorix-215-count-without-dates-age203d,15/01/2022,06/08/2022,0y 6m 22d,3,"","calculatePcv → standardPrimaryPlusBooster / infant path (doses[] empty)",due-now,doseLabel_dose1,synflorix,
synflorix-218-count-without-dates-age210d,15/01/2022,13/08/2022,0y 6m 29d,1,"","calculatePcv → standardPrimaryPlusBooster / infant path (doses[] empty)",due-now,doseLabel_dose1,synflorix,
synflorix-221-count-without-dates-age210d,15/01/2022,13/08/2022,0y 6m 29d,2,"","calculatePcv → standardPrimaryPlusBooster / infant path (doses[] empty)",due-now,doseLabel_dose1,synflorix,
synflorix-224-count-without-dates-age210d,15/01/2022,13/08/2022,0y 6m 29d,3,"","calculatePcv → standardPrimaryPlusBooster / infant path (doses[] empty)",due-now,doseLabel_dose1,synflorix,
synflorix-227-count-without-dates-age217d,15/01/2022,20/08/2022,0y 7m 5d,1,"","calculatePcv → started7To11Months (doses[] empty → dose 1 due)",due-now,doseLabel_dose1,synflorix,
synflorix-230-count-without-dates-age217d,15/01/2022,20/08/2022,0y 7m 5d,2,"","calculatePcv → started7To11Months (doses[] empty → dose 1 due)",due-now,doseLabel_dose1,synflorix,
synflorix-233-count-without-dates-age217d,15/01/2022,20/08/2022,0y 7m 5d,3,"","calculatePcv → started7To11Months (doses[] empty → dose 1 due)",due-now,doseLabel_dose1,synflorix,
synflorix-236-count-without-dates-age224d,15/01/2022,27/08/2022,0y 7m 12d,1,"","calculatePcv → started7To11Months (doses[] empty → dose 1 due)",due-now,doseLabel_dose1,synflorix,
synflorix-239-count-without-dates-age224d,15/01/2022,27/08/2022,0y 7m 12d,2,"","calculatePcv → started7To11Months (doses[] empty → dose 1 due)",due-now,doseLabel_dose1,synflorix,
synflorix-242-count-without-dates-age224d,15/01/2022,27/08/2022,0y 7m 12d,3,"","calculatePcv → started7To11Months (doses[] empty → dose 1 due)",due-now,doseLabel_dose1,synflorix,
synflorix-245-count-without-dates-age231d,15/01/2022,03/09/2022,0y 7m 19d,1,"","calculatePcv → started7To11Months (doses[] empty → dose 1 due)",due-now,doseLabel_dose1,synflorix,
synflorix-248-count-without-dates-age231d,15/01/2022,03/09/2022,0y 7m 19d,2,"","calculatePcv → started7To11Months (doses[] empty → dose 1 due)",due-now,doseLabel_dose1,synflorix,
synflorix-251-count-without-dates-age231d,15/01/2022,03/09/2022,0y 7m 19d,3,"","calculatePcv → started7To11Months (doses[] empty → dose 1 due)",due-now,doseLabel_dose1,synflorix,
synflorix-254-count-without-dates-age238d,15/01/2022,10/09/2022,0y 7m 26d,1,"","calculatePcv → started7To11Months (doses[] empty → dose 1 due)",due-now,doseLabel_dose1,synflorix,
synflorix-257-count-without-dates-age238d,15/01/2022,10/09/2022,0y 7m 26d,2,"","calculatePcv → started7To11Months (doses[] empty → dose 1 due)",due-now,doseLabel_dose1,synflorix,
synflorix-260-count-without-dates-age238d,15/01/2022,10/09/2022,0y 7m 26d,3,"","calculatePcv → started7To11Months (doses[] empty → dose 1 due)",due-now,doseLabel_dose1,synflorix,
synflorix-263-count-without-dates-age245d,15/01/2022,17/09/2022,0y 8m 2d,1,"","calculatePcv → started7To11Months (doses[] empty → dose 1 due)",due-now,doseLabel_dose1,synflorix,
synflorix-266-count-without-dates-age245d,15/01/2022,17/09/2022,0y 8m 2d,2,"","calculatePcv → started7To11Months (doses[] empty → dose 1 due)",due-now,doseLabel_dose1,synflorix,
synflorix-269-count-without-dates-age245d,15/01/2022,17/09/2022,0y 8m 2d,3,"","calculatePcv → started7To11Months (doses[] empty → dose 1 due)",due-now,doseLabel_dose1,synflorix,
synflorix-272-count-without-dates-age252d,15/01/2022,24/09/2022,0y 8m 9d,1,"","calculatePcv → started7To11Months (doses[] empty → dose 1 due)",due-now,doseLabel_dose1,synflorix,
synflorix-275-count-without-dates-age252d,15/01/2022,24/09/2022,0y 8m 9d,2,"","calculatePcv → started7To11Months (doses[] empty → dose 1 due)",due-now,doseLabel_dose1,synflorix,
synflorix-278-count-without-dates-age252d,15/01/2022,24/09/2022,0y 8m 9d,3,"","calculatePcv → started7To11Months (doses[] empty → dose 1 due)",due-now,doseLabel_dose1,synflorix,
synflorix-281-count-without-dates-age259d,15/01/2022,01/10/2022,0y 8m 16d,1,"","calculatePcv → started7To11Months (doses[] empty → dose 1 due)",due-now,doseLabel_dose1,synflorix,
synflorix-284-count-without-dates-age259d,15/01/2022,01/10/2022,0y 8m 16d,2,"","calculatePcv → started7To11Months (doses[] empty → dose 1 due)",due-now,doseLabel_dose1,synflorix,
synflorix-287-count-without-dates-age259d,15/01/2022,01/10/2022,0y 8m 16d,3,"","calculatePcv → started7To11Months (doses[] empty → dose 1 due)",due-now,doseLabel_dose1,synflorix,
synflorix-290-count-without-dates-age266d,15/01/2022,08/10/2022,0y 8m 23d,1,"","calculatePcv → started7To11Months (doses[] empty → dose 1 due)",due-now,doseLabel_dose1,synflorix,
synflorix-293-count-without-dates-age266d,15/01/2022,08/10/2022,0y 8m 23d,2,"","calculatePcv → started7To11Months (doses[] empty → dose 1 due)",due-now,doseLabel_dose1,synflorix,
synflorix-296-count-without-dates-age266d,15/01/2022,08/10/2022,0y 8m 23d,3,"","calculatePcv → started7To11Months (doses[] empty → dose 1 due)",due-now,doseLabel_dose1,synflorix,
synflorix-299-count-without-dates-age273d,15/01/2022,15/10/2022,0y 9m 0d,1,"","calculatePcv → started7To11Months (doses[] empty → dose 1 due)",due-now,doseLabel_dose1,synflorix,
synflorix-302-count-without-dates-age273d,15/01/2022,15/10/2022,0y 9m 0d,2,"","calculatePcv → started7To11Months (doses[] empty → dose 1 due)",due-now,doseLabel_dose1,synflorix,
synflorix-305-count-without-dates-age273d,15/01/2022,15/10/2022,0y 9m 0d,3,"","calculatePcv → started7To11Months (doses[] empty → dose 1 due)",due-now,doseLabel_dose1,synflorix,
synflorix-308-count-without-dates-age280d,15/01/2022,22/10/2022,0y 9m 7d,1,"","calculatePcv → started7To11Months (doses[] empty → dose 1 due)",due-now,doseLabel_dose1,synflorix,
synflorix-311-count-without-dates-age280d,15/01/2022,22/10/2022,0y 9m 7d,2,"","calculatePcv → started7To11Months (doses[] empty → dose 1 due)",due-now,doseLabel_dose1,synflorix,
synflorix-314-count-without-dates-age280d,15/01/2022,22/10/2022,0y 9m 7d,3,"","calculatePcv → started7To11Months (doses[] empty → dose 1 due)",due-now,doseLabel_dose1,synflorix,
synflorix-317-count-without-dates-age287d,15/01/2022,29/10/2022,0y 9m 14d,1,"","calculatePcv → started7To11Months (doses[] empty → dose 1 due)",due-now,doseLabel_dose1,synflorix,
synflorix-320-count-without-dates-age287d,15/01/2022,29/10/2022,0y 9m 14d,2,"","calculatePcv → started7To11Months (doses[] empty → dose 1 due)",due-now,doseLabel_dose1,synflorix,
synflorix-323-count-without-dates-age287d,15/01/2022,29/10/2022,0y 9m 14d,3,"","calculatePcv → started7To11Months (doses[] empty → dose 1 due)",due-now,doseLabel_dose1,synflorix,
synflorix-326-count-without-dates-age294d,15/01/2022,05/11/2022,0y 9m 21d,1,"","calculatePcv → started7To11Months (doses[] empty → dose 1 due)",due-now,doseLabel_dose1,synflorix,
synflorix-329-count-without-dates-age294d,15/01/2022,05/11/2022,0y 9m 21d,2,"","calculatePcv → started7To11Months (doses[] empty → dose 1 due)",due-now,doseLabel_dose1,synflorix,
synflorix-332-count-without-dates-age294d,15/01/2022,05/11/2022,0y 9m 21d,3,"","calculatePcv → started7To11Months (doses[] empty → dose 1 due)",due-now,doseLabel_dose1,synflorix,
synflorix-335-count-without-dates-age301d,15/01/2022,12/11/2022,0y 9m 28d,1,"","calculatePcv → started7To11Months (doses[] empty → dose 1 due)",due-now,doseLabel_dose1,synflorix,
synflorix-338-count-without-dates-age301d,15/01/2022,12/11/2022,0y 9m 28d,2,"","calculatePcv → started7To11Months (doses[] empty → dose 1 due)",due-now,doseLabel_dose1,synflorix,
synflorix-341-count-without-dates-age301d,15/01/2022,12/11/2022,0y 9m 28d,3,"","calculatePcv → started7To11Months (doses[] empty → dose 1 due)",due-now,doseLabel_dose1,synflorix,
synflorix-344-count-without-dates-age308d,15/01/2022,19/11/2022,0y 10m 4d,1,"","calculatePcv → started7To11Months (doses[] empty → dose 1 due)",due-now,doseLabel_dose1,synflorix,
synflorix-347-count-without-dates-age308d,15/01/2022,19/11/2022,0y 10m 4d,2,"","calculatePcv → started7To11Months (doses[] empty → dose 1 due)",due-now,doseLabel_dose1,synflorix,
synflorix-350-count-without-dates-age308d,15/01/2022,19/11/2022,0y 10m 4d,3,"","calculatePcv → started7To11Months (doses[] empty → dose 1 due)",due-now,doseLabel_dose1,synflorix,
synflorix-353-count-without-dates-age315d,15/01/2022,26/11/2022,0y 10m 11d,1,"","calculatePcv → started7To11Months (doses[] empty → dose 1 due)",due-now,doseLabel_dose1,synflorix,
synflorix-356-count-without-dates-age315d,15/01/2022,26/11/2022,0y 10m 11d,2,"","calculatePcv → started7To11Months (doses[] empty → dose 1 due)",due-now,doseLabel_dose1,synflorix,
synflorix-359-count-without-dates-age315d,15/01/2022,26/11/2022,0y 10m 11d,3,"","calculatePcv → started7To11Months (doses[] empty → dose 1 due)",due-now,doseLabel_dose1,synflorix,
synflorix-362-count-without-dates-age322d,15/01/2022,03/12/2022,0y 10m 18d,1,"","calculatePcv → started7To11Months (doses[] empty → dose 1 due)",due-now,doseLabel_dose1,synflorix,
synflorix-365-count-without-dates-age322d,15/01/2022,03/12/2022,0y 10m 18d,2,"","calculatePcv → started7To11Months (doses[] empty → dose 1 due)",due-now,doseLabel_dose1,synflorix,
synflorix-368-count-without-dates-age322d,15/01/2022,03/12/2022,0y 10m 18d,3,"","calculatePcv → started7To11Months (doses[] empty → dose 1 due)",due-now,doseLabel_dose1,synflorix,
synflorix-371-count-without-dates-age329d,15/01/2022,10/12/2022,0y 10m 25d,1,"","calculatePcv → started7To11Months (doses[] empty → dose 1 due)",due-now,doseLabel_dose1,synflorix,
synflorix-374-count-without-dates-age329d,15/01/2022,10/12/2022,0y 10m 25d,2,"","calculatePcv → started7To11Months (doses[] empty → dose 1 due)",due-now,doseLabel_dose1,synflorix,
synflorix-377-count-without-dates-age329d,15/01/2022,10/12/2022,0y 10m 25d,3,"","calculatePcv → started7To11Months (doses[] empty → dose 1 due)",due-now,doseLabel_dose1,synflorix,
synflorix-380-count-without-dates-age336d,15/01/2022,17/12/2022,0y 11m 2d,1,"","calculatePcv → started7To11Months (doses[] empty → dose 1 due)",due-now,doseLabel_dose1,synflorix,
synflorix-383-count-without-dates-age336d,15/01/2022,17/12/2022,0y 11m 2d,2,"","calculatePcv → started7To11Months (doses[] empty → dose 1 due)",due-now,doseLabel_dose1,synflorix,
synflorix-386-count-without-dates-age336d,15/01/2022,17/12/2022,0y 11m 2d,3,"","calculatePcv → started7To11Months (doses[] empty → dose 1 due)",due-now,doseLabel_dose1,synflorix,
synflorix-389-count-without-dates-age343d,15/01/2022,24/12/2022,0y 11m 9d,1,"","calculatePcv → started7To11Months (doses[] empty → dose 1 due)",due-now,doseLabel_dose1,synflorix,
synflorix-392-count-without-dates-age343d,15/01/2022,24/12/2022,0y 11m 9d,2,"","calculatePcv → started7To11Months (doses[] empty → dose 1 due)",due-now,doseLabel_dose1,synflorix,
synflorix-395-count-without-dates-age343d,15/01/2022,24/12/2022,0y 11m 9d,3,"","calculatePcv → started7To11Months (doses[] empty → dose 1 due)",due-now,doseLabel_dose1,synflorix,
synflorix-398-count-without-dates-age350d,15/01/2022,31/12/2022,0y 11m 16d,1,"","calculatePcv → started7To11Months (doses[] empty → dose 1 due)",due-now,doseLabel_dose1,synflorix,
synflorix-401-count-without-dates-age350d,15/01/2022,31/12/2022,0y 11m 16d,2,"","calculatePcv → started7To11Months (doses[] empty → dose 1 due)",due-now,doseLabel_dose1,synflorix,
synflorix-404-count-without-dates-age350d,15/01/2022,31/12/2022,0y 11m 16d,3,"","calculatePcv → started7To11Months (doses[] empty → dose 1 due)",due-now,doseLabel_dose1,synflorix,
synflorix-407-count-without-dates-age357d,15/01/2022,07/01/2023,0y 11m 23d,1,"","calculatePcv → started7To11Months (doses[] empty → dose 1 due)",due-now,doseLabel_dose1,synflorix,
synflorix-410-count-without-dates-age357d,15/01/2022,07/01/2023,0y 11m 23d,2,"","calculatePcv → started7To11Months (doses[] empty → dose 1 due)",due-now,doseLabel_dose1,synflorix,
synflorix-413-count-without-dates-age357d,15/01/2022,07/01/2023,0y 11m 23d,3,"","calculatePcv → started7To11Months (doses[] empty → dose 1 due)",due-now,doseLabel_dose1,synflorix,
synflorix-416-count-without-dates-age364d,15/01/2022,14/01/2023,0y 11m 30d,1,"","calculatePcv → started7To11Months (doses[] empty → dose 1 due)",due-now,doseLabel_dose1,synflorix,
synflorix-419-count-without-dates-age364d,15/01/2022,14/01/2023,0y 11m 30d,2,"","calculatePcv → started7To11Months (doses[] empty → dose 1 due)",due-now,doseLabel_dose1,synflorix,
synflorix-422-count-without-dates-age364d,15/01/2022,14/01/2023,0y 11m 30d,3,"","calculatePcv → started7To11Months (doses[] empty → dose 1 due)",due-now,doseLabel_dose1,synflorix,
synflorix-425-count-without-dates-age371d,15/01/2022,21/01/2023,1y 0m 6d,1,"","calculatePcv → started12To23Months (doses[] empty → treats as zero recorded dates)",due-now,doseLabel_dose1,synflorix,
synflorix-428-count-without-dates-age371d,15/01/2022,21/01/2023,1y 0m 6d,2,"","calculatePcv → started12To23Months (doses[] empty → treats as zero recorded dates)",due-now,doseLabel_dose1,synflorix,
synflorix-431-count-without-dates-age371d,15/01/2022,21/01/2023,1y 0m 6d,3,"","calculatePcv → started12To23Months (doses[] empty → treats as zero recorded dates)",due-now,doseLabel_dose1,synflorix,
synflorix-434-count-without-dates-age378d,15/01/2022,28/01/2023,1y 0m 13d,1,"","calculatePcv → started12To23Months (doses[] empty → treats as zero recorded dates)",due-now,doseLabel_dose1,synflorix,
synflorix-437-count-without-dates-age378d,15/01/2022,28/01/2023,1y 0m 13d,2,"","calculatePcv → started12To23Months (doses[] empty → treats as zero recorded dates)",due-now,doseLabel_dose1,synflorix,
synflorix-440-count-without-dates-age378d,15/01/2022,28/01/2023,1y 0m 13d,3,"","calculatePcv → started12To23Months (doses[] empty → treats as zero recorded dates)",due-now,doseLabel_dose1,synflorix,
synflorix-443-count-without-dates-age385d,15/01/2022,04/02/2023,1y 0m 20d,1,"","calculatePcv → started12To23Months (doses[] empty → treats as zero recorded dates)",due-now,doseLabel_dose1,synflorix,
synflorix-446-count-without-dates-age385d,15/01/2022,04/02/2023,1y 0m 20d,2,"","calculatePcv → started12To23Months (doses[] empty → treats as zero recorded dates)",due-now,doseLabel_dose1,synflorix,
synflorix-449-count-without-dates-age385d,15/01/2022,04/02/2023,1y 0m 20d,3,"","calculatePcv → started12To23Months (doses[] empty → treats as zero recorded dates)",due-now,doseLabel_dose1,synflorix,
synflorix-452-count-without-dates-age392d,15/01/2022,11/02/2023,1y 0m 27d,1,"","calculatePcv → started12To23Months (doses[] empty → treats as zero recorded dates)",due-now,doseLabel_dose1,synflorix,
synflorix-455-count-without-dates-age392d,15/01/2022,11/02/2023,1y 0m 27d,2,"","calculatePcv → started12To23Months (doses[] empty → treats as zero recorded dates)",due-now,doseLabel_dose1,synflorix,
synflorix-458-count-without-dates-age392d,15/01/2022,11/02/2023,1y 0m 27d,3,"","calculatePcv → started12To23Months (doses[] empty → treats as zero recorded dates)",due-now,doseLabel_dose1,synflorix,
synflorix-461-count-without-dates-age399d,15/01/2022,18/02/2023,1y 1m 3d,1,"","calculatePcv → started12To23Months (doses[] empty → treats as zero recorded dates)",due-now,doseLabel_dose1,synflorix,
synflorix-464-count-without-dates-age399d,15/01/2022,18/02/2023,1y 1m 3d,2,"","calculatePcv → started12To23Months (doses[] empty → treats as zero recorded dates)",due-now,doseLabel_dose1,synflorix,
synflorix-467-count-without-dates-age399d,15/01/2022,18/02/2023,1y 1m 3d,3,"","calculatePcv → started12To23Months (doses[] empty → treats as zero recorded dates)",due-now,doseLabel_dose1,synflorix,
synflorix-470-count-without-dates-age406d,15/01/2022,25/02/2023,1y 1m 10d,1,"","calculatePcv → started12To23Months (doses[] empty → treats as zero recorded dates)",due-now,doseLabel_dose1,synflorix,
synflorix-473-count-without-dates-age406d,15/01/2022,25/02/2023,1y 1m 10d,2,"","calculatePcv → started12To23Months (doses[] empty → treats as zero recorded dates)",due-now,doseLabel_dose1,synflorix,
synflorix-476-count-without-dates-age406d,15/01/2022,25/02/2023,1y 1m 10d,3,"","calculatePcv → started12To23Months (doses[] empty → treats as zero recorded dates)",due-now,doseLabel_dose1,synflorix,
synflorix-479-count-without-dates-age413d,15/01/2022,04/03/2023,1y 1m 17d,1,"","calculatePcv → started12To23Months (doses[] empty → treats as zero recorded dates)",due-now,doseLabel_dose1,synflorix,
synflorix-482-count-without-dates-age413d,15/01/2022,04/03/2023,1y 1m 17d,2,"","calculatePcv → started12To23Months (doses[] empty → treats as zero recorded dates)",due-now,doseLabel_dose1,synflorix,
synflorix-485-count-without-dates-age413d,15/01/2022,04/03/2023,1y 1m 17d,3,"","calculatePcv → started12To23Months (doses[] empty → treats as zero recorded dates)",due-now,doseLabel_dose1,synflorix,
synflorix-488-count-without-dates-age420d,15/01/2022,11/03/2023,1y 1m 24d,1,"","calculatePcv → started12To23Months (doses[] empty → treats as zero recorded dates)",due-now,doseLabel_dose1,synflorix,
synflorix-491-count-without-dates-age420d,15/01/2022,11/03/2023,1y 1m 24d,2,"","calculatePcv → started12To23Months (doses[] empty → treats as zero recorded dates)",due-now,doseLabel_dose1,synflorix,
synflorix-494-count-without-dates-age420d,15/01/2022,11/03/2023,1y 1m 24d,3,"","calculatePcv → started12To23Months (doses[] empty → treats as zero recorded dates)",due-now,doseLabel_dose1,synflorix,
synflorix-497-count-without-dates-age427d,15/01/2022,18/03/2023,1y 2m 3d,1,"","calculatePcv → started12To23Months (doses[] empty → treats as zero recorded dates)",due-now,doseLabel_dose1,synflorix,
synflorix-500-count-without-dates-age427d,15/01/2022,18/03/2023,1y 2m 3d,2,"","calculatePcv → started12To23Months (doses[] empty → treats as zero recorded dates)",due-now,doseLabel_dose1,synflorix,
synflorix-503-count-without-dates-age427d,15/01/2022,18/03/2023,1y 2m 3d,3,"","calculatePcv → started12To23Months (doses[] empty → treats as zero recorded dates)",due-now,doseLabel_dose1,synflorix,
synflorix-506-count-without-dates-age434d,15/01/2022,25/03/2023,1y 2m 10d,1,"","calculatePcv → started12To23Months (doses[] empty → treats as zero recorded dates)",due-now,doseLabel_dose1,synflorix,
synflorix-509-count-without-dates-age434d,15/01/2022,25/03/2023,1y 2m 10d,2,"","calculatePcv → started12To23Months (doses[] empty → treats as zero recorded dates)",due-now,doseLabel_dose1,synflorix,
synflorix-512-count-without-dates-age434d,15/01/2022,25/03/2023,1y 2m 10d,3,"","calculatePcv → started12To23Months (doses[] empty → treats as zero recorded dates)",due-now,doseLabel_dose1,synflorix,
synflorix-515-count-without-dates-age441d,15/01/2022,01/04/2023,1y 2m 17d,1,"","calculatePcv → started12To23Months (doses[] empty → treats as zero recorded dates)",due-now,doseLabel_dose1,synflorix,
synflorix-518-count-without-dates-age441d,15/01/2022,01/04/2023,1y 2m 17d,2,"","calculatePcv → started12To23Months (doses[] empty → treats as zero recorded dates)",due-now,doseLabel_dose1,synflorix,
synflorix-521-count-without-dates-age441d,15/01/2022,01/04/2023,1y 2m 17d,3,"","calculatePcv → started12To23Months (doses[] empty → treats as zero recorded dates)",due-now,doseLabel_dose1,synflorix,
synflorix-524-count-without-dates-age448d,15/01/2022,08/04/2023,1y 2m 24d,1,"","calculatePcv → started12To23Months (doses[] empty → treats as zero recorded dates)",due-now,doseLabel_dose1,synflorix,
synflorix-527-count-without-dates-age448d,15/01/2022,08/04/2023,1y 2m 24d,2,"","calculatePcv → started12To23Months (doses[] empty → treats as zero recorded dates)",due-now,doseLabel_dose1,synflorix,
synflorix-530-count-without-dates-age448d,15/01/2022,08/04/2023,1y 2m 24d,3,"","calculatePcv → started12To23Months (doses[] empty → treats as zero recorded dates)",due-now,doseLabel_dose1,synflorix,
synflorix-533-count-without-dates-age455d,15/01/2022,15/04/2023,1y 3m 0d,1,"","calculatePcv → started12To23Months (doses[] empty → treats as zero recorded dates)",due-now,doseLabel_dose1,synflorix,
synflorix-536-count-without-dates-age455d,15/01/2022,15/04/2023,1y 3m 0d,2,"","calculatePcv → started12To23Months (doses[] empty → treats as zero recorded dates)",due-now,doseLabel_dose1,synflorix,
synflorix-539-count-without-dates-age455d,15/01/2022,15/04/2023,1y 3m 0d,3,"","calculatePcv → started12To23Months (doses[] empty → treats as zero recorded dates)",due-now,doseLabel_dose1,synflorix,
synflorix-542-count-without-dates-age462d,15/01/2022,22/04/2023,1y 3m 7d,1,"","calculatePcv → started12To23Months (doses[] empty → treats as zero recorded dates)",due-now,doseLabel_dose1,synflorix,
synflorix-545-count-without-dates-age462d,15/01/2022,22/04/2023,1y 3m 7d,2,"","calculatePcv → started12To23Months (doses[] empty → treats as zero recorded dates)",due-now,doseLabel_dose1,synflorix,
synflorix-548-count-without-dates-age462d,15/01/2022,22/04/2023,1y 3m 7d,3,"","calculatePcv → started12To23Months (doses[] empty → treats as zero recorded dates)",due-now,doseLabel_dose1,synflorix,
synflorix-551-count-without-dates-age469d,15/01/2022,29/04/2023,1y 3m 14d,1,"","calculatePcv → started12To23Months (doses[] empty → treats as zero recorded dates)",due-now,doseLabel_dose1,synflorix,
synflorix-554-count-without-dates-age469d,15/01/2022,29/04/2023,1y 3m 14d,2,"","calculatePcv → started12To23Months (doses[] empty → treats as zero recorded dates)",due-now,doseLabel_dose1,synflorix,
synflorix-557-count-without-dates-age469d,15/01/2022,29/04/2023,1y 3m 14d,3,"","calculatePcv → started12To23Months (doses[] empty → treats as zero recorded dates)",due-now,doseLabel_dose1,synflorix,
synflorix-560-count-without-dates-age476d,15/01/2022,06/05/2023,1y 3m 21d,1,"","calculatePcv → started12To23Months (doses[] empty → treats as zero recorded dates)",due-now,doseLabel_dose1,synflorix,
synflorix-563-count-without-dates-age476d,15/01/2022,06/05/2023,1y 3m 21d,2,"","calculatePcv → started12To23Months (doses[] empty → treats as zero recorded dates)",due-now,doseLabel_dose1,synflorix,
synflorix-566-count-without-dates-age476d,15/01/2022,06/05/2023,1y 3m 21d,3,"","calculatePcv → started12To23Months (doses[] empty → treats as zero recorded dates)",due-now,doseLabel_dose1,synflorix,
synflorix-569-count-without-dates-age483d,15/01/2022,13/05/2023,1y 3m 28d,1,"","calculatePcv → started12To23Months (doses[] empty → treats as zero recorded dates)",due-now,doseLabel_dose1,synflorix,
synflorix-572-count-without-dates-age483d,15/01/2022,13/05/2023,1y 3m 28d,2,"","calculatePcv → started12To23Months (doses[] empty → treats as zero recorded dates)",due-now,doseLabel_dose1,synflorix,
synflorix-575-count-without-dates-age483d,15/01/2022,13/05/2023,1y 3m 28d,3,"","calculatePcv → started12To23Months (doses[] empty → treats as zero recorded dates)",due-now,doseLabel_dose1,synflorix,
synflorix-578-count-without-dates-age490d,15/01/2022,20/05/2023,1y 4m 5d,1,"","calculatePcv → started12To23Months (doses[] empty → treats as zero recorded dates)",due-now,doseLabel_dose1,synflorix,
synflorix-581-count-without-dates-age490d,15/01/2022,20/05/2023,1y 4m 5d,2,"","calculatePcv → started12To23Months (doses[] empty → treats as zero recorded dates)",due-now,doseLabel_dose1,synflorix,
synflorix-584-count-without-dates-age490d,15/01/2022,20/05/2023,1y 4m 5d,3,"","calculatePcv → started12To23Months (doses[] empty → treats as zero recorded dates)",due-now,doseLabel_dose1,synflorix,
synflorix-587-count-without-dates-age497d,15/01/2022,27/05/2023,1y 4m 12d,1,"","calculatePcv → started12To23Months (doses[] empty → treats as zero recorded dates)",due-now,doseLabel_dose1,synflorix,
synflorix-590-count-without-dates-age497d,15/01/2022,27/05/2023,1y 4m 12d,2,"","calculatePcv → started12To23Months (doses[] empty → treats as zero recorded dates)",due-now,doseLabel_dose1,synflorix,
synflorix-593-count-without-dates-age497d,15/01/2022,27/05/2023,1y 4m 12d,3,"","calculatePcv → started12To23Months (doses[] empty → treats as zero recorded dates)",due-now,doseLabel_dose1,synflorix,
synflorix-596-count-without-dates-age504d,15/01/2022,03/06/2023,1y 4m 19d,1,"","calculatePcv → started12To23Months (doses[] empty → treats as zero recorded dates)",due-now,doseLabel_dose1,synflorix,
synflorix-599-count-without-dates-age504d,15/01/2022,03/06/2023,1y 4m 19d,2,"","calculatePcv → started12To23Months (doses[] empty → treats as zero recorded dates)",due-now,doseLabel_dose1,synflorix,
synflorix-602-count-without-dates-age504d,15/01/2022,03/06/2023,1y 4m 19d,3,"","calculatePcv → started12To23Months (doses[] empty → treats as zero recorded dates)",due-now,doseLabel_dose1,synflorix,
synflorix-605-count-without-dates-age511d,15/01/2022,10/06/2023,1y 4m 26d,1,"","calculatePcv → started12To23Months (doses[] empty → treats as zero recorded dates)",due-now,doseLabel_dose1,synflorix,
synflorix-608-count-without-dates-age511d,15/01/2022,10/06/2023,1y 4m 26d,2,"","calculatePcv → started12To23Months (doses[] empty → treats as zero recorded dates)",due-now,doseLabel_dose1,synflorix,
synflorix-611-count-without-dates-age511d,15/01/2022,10/06/2023,1y 4m 26d,3,"","calculatePcv → started12To23Months (doses[] empty → treats as zero recorded dates)",due-now,doseLabel_dose1,synflorix,
synflorix-614-count-without-dates-age518d,15/01/2022,17/06/2023,1y 5m 2d,1,"","calculatePcv → started12To23Months (doses[] empty → treats as zero recorded dates)",due-now,doseLabel_dose1,synflorix,
synflorix-617-count-without-dates-age518d,15/01/2022,17/06/2023,1y 5m 2d,2,"","calculatePcv → started12To23Months (doses[] empty → treats as zero recorded dates)",due-now,doseLabel_dose1,synflorix,
synflorix-620-count-without-dates-age518d,15/01/2022,17/06/2023,1y 5m 2d,3,"","calculatePcv → started12To23Months (doses[] empty → treats as zero recorded dates)",due-now,doseLabel_dose1,synflorix,
synflorix-623-count-without-dates-age525d,15/01/2022,24/06/2023,1y 5m 9d,1,"","calculatePcv → started12To23Months (doses[] empty → treats as zero recorded dates)",due-now,doseLabel_dose1,synflorix,
synflorix-626-count-without-dates-age525d,15/01/2022,24/06/2023,1y 5m 9d,2,"","calculatePcv → started12To23Months (doses[] empty → treats as zero recorded dates)",due-now,doseLabel_dose1,synflorix,
synflorix-629-count-without-dates-age525d,15/01/2022,24/06/2023,1y 5m 9d,3,"","calculatePcv → started12To23Months (doses[] empty → treats as zero recorded dates)",due-now,doseLabel_dose1,synflorix,
synflorix-632-count-without-dates-age532d,15/01/2022,01/07/2023,1y 5m 16d,1,"","calculatePcv → started12To23Months (doses[] empty → treats as zero recorded dates)",due-now,doseLabel_dose1,synflorix,
synflorix-635-count-without-dates-age532d,15/01/2022,01/07/2023,1y 5m 16d,2,"","calculatePcv → started12To23Months (doses[] empty → treats as zero recorded dates)",due-now,doseLabel_dose1,synflorix,
synflorix-638-count-without-dates-age532d,15/01/2022,01/07/2023,1y 5m 16d,3,"","calculatePcv → started12To23Months (doses[] empty → treats as zero recorded dates)",due-now,doseLabel_dose1,synflorix,
synflorix-641-count-without-dates-age539d,15/01/2022,08/07/2023,1y 5m 23d,1,"","calculatePcv → started12To23Months (doses[] empty → treats as zero recorded dates)",due-now,doseLabel_dose1,synflorix,
synflorix-644-count-without-dates-age539d,15/01/2022,08/07/2023,1y 5m 23d,2,"","calculatePcv → started12To23Months (doses[] empty → treats as zero recorded dates)",due-now,doseLabel_dose1,synflorix,
synflorix-647-count-without-dates-age539d,15/01/2022,08/07/2023,1y 5m 23d,3,"","calculatePcv → started12To23Months (doses[] empty → treats as zero recorded dates)",due-now,doseLabel_dose1,synflorix,
synflorix-650-count-without-dates-age546d,15/01/2022,15/07/2023,1y 6m 0d,1,"","calculatePcv → started12To23Months (doses[] empty → treats as zero recorded dates)",due-now,doseLabel_dose1,synflorix,
synflorix-653-count-without-dates-age546d,15/01/2022,15/07/2023,1y 6m 0d,2,"","calculatePcv → started12To23Months (doses[] empty → treats as zero recorded dates)",due-now,doseLabel_dose1,synflorix,
synflorix-656-count-without-dates-age546d,15/01/2022,15/07/2023,1y 6m 0d,3,"","calculatePcv → started12To23Months (doses[] empty → treats as zero recorded dates)",due-now,doseLabel_dose1,synflorix,
synflorix-659-count-without-dates-age553d,15/01/2022,22/07/2023,1y 6m 7d,1,"","calculatePcv → started12To23Months (doses[] empty → treats as zero recorded dates)",due-now,doseLabel_dose1,synflorix,
synflorix-662-count-without-dates-age553d,15/01/2022,22/07/2023,1y 6m 7d,2,"","calculatePcv → started12To23Months (doses[] empty → treats as zero recorded dates)",due-now,doseLabel_dose1,synflorix,
synflorix-665-count-without-dates-age553d,15/01/2022,22/07/2023,1y 6m 7d,3,"","calculatePcv → started12To23Months (doses[] empty → treats as zero recorded dates)",due-now,doseLabel_dose1,synflorix,
synflorix-668-count-without-dates-age560d,15/01/2022,29/07/2023,1y 6m 14d,1,"","calculatePcv → started12To23Months (doses[] empty → treats as zero recorded dates)",due-now,doseLabel_dose1,synflorix,
synflorix-671-count-without-dates-age560d,15/01/2022,29/07/2023,1y 6m 14d,2,"","calculatePcv → started12To23Months (doses[] empty → treats as zero recorded dates)",due-now,doseLabel_dose1,synflorix,
synflorix-674-count-without-dates-age560d,15/01/2022,29/07/2023,1y 6m 14d,3,"","calculatePcv → started12To23Months (doses[] empty → treats as zero recorded dates)",due-now,doseLabel_dose1,synflorix,
synflorix-677-count-without-dates-age567d,15/01/2022,05/08/2023,1y 6m 21d,1,"","calculatePcv → started12To23Months (doses[] empty → treats as zero recorded dates)",due-now,doseLabel_dose1,synflorix,
synflorix-680-count-without-dates-age567d,15/01/2022,05/08/2023,1y 6m 21d,2,"","calculatePcv → started12To23Months (doses[] empty → treats as zero recorded dates)",due-now,doseLabel_dose1,synflorix,
synflorix-683-count-without-dates-age567d,15/01/2022,05/08/2023,1y 6m 21d,3,"","calculatePcv → started12To23Months (doses[] empty → treats as zero recorded dates)",due-now,doseLabel_dose1,synflorix,
synflorix-686-count-without-dates-age574d,15/01/2022,12/08/2023,1y 6m 28d,1,"","calculatePcv → started12To23Months (doses[] empty → treats as zero recorded dates)",due-now,doseLabel_dose1,synflorix,
synflorix-689-count-without-dates-age574d,15/01/2022,12/08/2023,1y 6m 28d,2,"","calculatePcv → started12To23Months (doses[] empty → treats as zero recorded dates)",due-now,doseLabel_dose1,synflorix,
synflorix-692-count-without-dates-age574d,15/01/2022,12/08/2023,1y 6m 28d,3,"","calculatePcv → started12To23Months (doses[] empty → treats as zero recorded dates)",due-now,doseLabel_dose1,synflorix,
synflorix-695-count-without-dates-age581d,15/01/2022,19/08/2023,1y 7m 4d,1,"","calculatePcv → started12To23Months (doses[] empty → treats as zero recorded dates)",due-now,doseLabel_dose1,synflorix,
synflorix-698-count-without-dates-age581d,15/01/2022,19/08/2023,1y 7m 4d,2,"","calculatePcv → started12To23Months (doses[] empty → treats as zero recorded dates)",due-now,doseLabel_dose1,synflorix,
synflorix-701-count-without-dates-age581d,15/01/2022,19/08/2023,1y 7m 4d,3,"","calculatePcv → started12To23Months (doses[] empty → treats as zero recorded dates)",due-now,doseLabel_dose1,synflorix,
synflorix-704-count-without-dates-age588d,15/01/2022,26/08/2023,1y 7m 11d,1,"","calculatePcv → started12To23Months (doses[] empty → treats as zero recorded dates)",due-now,doseLabel_dose1,synflorix,
synflorix-707-count-without-dates-age588d,15/01/2022,26/08/2023,1y 7m 11d,2,"","calculatePcv → started12To23Months (doses[] empty → treats as zero recorded dates)",due-now,doseLabel_dose1,synflorix,
synflorix-710-count-without-dates-age588d,15/01/2022,26/08/2023,1y 7m 11d,3,"","calculatePcv → started12To23Months (doses[] empty → treats as zero recorded dates)",due-now,doseLabel_dose1,synflorix,
synflorix-713-count-without-dates-age595d,15/01/2022,02/09/2023,1y 7m 18d,1,"","calculatePcv → started12To23Months (doses[] empty → treats as zero recorded dates)",due-now,doseLabel_dose1,synflorix,
synflorix-716-count-without-dates-age595d,15/01/2022,02/09/2023,1y 7m 18d,2,"","calculatePcv → started12To23Months (doses[] empty → treats as zero recorded dates)",due-now,doseLabel_dose1,synflorix,
synflorix-719-count-without-dates-age595d,15/01/2022,02/09/2023,1y 7m 18d,3,"","calculatePcv → started12To23Months (doses[] empty → treats as zero recorded dates)",due-now,doseLabel_dose1,synflorix,
synflorix-722-count-without-dates-age602d,15/01/2022,09/09/2023,1y 7m 25d,1,"","calculatePcv → started12To23Months (doses[] empty → treats as zero recorded dates)",due-now,doseLabel_dose1,synflorix,
synflorix-725-count-without-dates-age602d,15/01/2022,09/09/2023,1y 7m 25d,2,"","calculatePcv → started12To23Months (doses[] empty → treats as zero recorded dates)",due-now,doseLabel_dose1,synflorix,
synflorix-728-count-without-dates-age602d,15/01/2022,09/09/2023,1y 7m 25d,3,"","calculatePcv → started12To23Months (doses[] empty → treats as zero recorded dates)",due-now,doseLabel_dose1,synflorix,
synflorix-731-count-without-dates-age609d,15/01/2022,16/09/2023,1y 8m 1d,1,"","calculatePcv → started12To23Months (doses[] empty → treats as zero recorded dates)",due-now,doseLabel_dose1,synflorix,
synflorix-734-count-without-dates-age609d,15/01/2022,16/09/2023,1y 8m 1d,2,"","calculatePcv → started12To23Months (doses[] empty → treats as zero recorded dates)",due-now,doseLabel_dose1,synflorix,
synflorix-737-count-without-dates-age609d,15/01/2022,16/09/2023,1y 8m 1d,3,"","calculatePcv → started12To23Months (doses[] empty → treats as zero recorded dates)",due-now,doseLabel_dose1,synflorix,
synflorix-740-count-without-dates-age616d,15/01/2022,23/09/2023,1y 8m 8d,1,"","calculatePcv → started12To23Months (doses[] empty → treats as zero recorded dates)",due-now,doseLabel_dose1,synflorix,
synflorix-743-count-without-dates-age616d,15/01/2022,23/09/2023,1y 8m 8d,2,"","calculatePcv → started12To23Months (doses[] empty → treats as zero recorded dates)",due-now,doseLabel_dose1,synflorix,
synflorix-746-count-without-dates-age616d,15/01/2022,23/09/2023,1y 8m 8d,3,"","calculatePcv → started12To23Months (doses[] empty → treats as zero recorded dates)",due-now,doseLabel_dose1,synflorix,
synflorix-749-count-without-dates-age623d,15/01/2022,30/09/2023,1y 8m 15d,1,"","calculatePcv → started12To23Months (doses[] empty → treats as zero recorded dates)",due-now,doseLabel_dose1,synflorix,
synflorix-752-count-without-dates-age623d,15/01/2022,30/09/2023,1y 8m 15d,2,"","calculatePcv → started12To23Months (doses[] empty → treats as zero recorded dates)",due-now,doseLabel_dose1,synflorix,
synflorix-755-count-without-dates-age623d,15/01/2022,30/09/2023,1y 8m 15d,3,"","calculatePcv → started12To23Months (doses[] empty → treats as zero recorded dates)",due-now,doseLabel_dose1,synflorix,
synflorix-758-count-without-dates-age630d,15/01/2022,07/10/2023,1y 8m 22d,1,"","calculatePcv → started12To23Months (doses[] empty → treats as zero recorded dates)",due-now,doseLabel_dose1,synflorix,
synflorix-761-count-without-dates-age630d,15/01/2022,07/10/2023,1y 8m 22d,2,"","calculatePcv → started12To23Months (doses[] empty → treats as zero recorded dates)",due-now,doseLabel_dose1,synflorix,
synflorix-764-count-without-dates-age630d,15/01/2022,07/10/2023,1y 8m 22d,3,"","calculatePcv → started12To23Months (doses[] empty → treats as zero recorded dates)",due-now,doseLabel_dose1,synflorix,
synflorix-767-count-without-dates-age637d,15/01/2022,14/10/2023,1y 8m 29d,1,"","calculatePcv → started12To23Months (doses[] empty → treats as zero recorded dates)",due-now,doseLabel_dose1,synflorix,
synflorix-770-count-without-dates-age637d,15/01/2022,14/10/2023,1y 8m 29d,2,"","calculatePcv → started12To23Months (doses[] empty → treats as zero recorded dates)",due-now,doseLabel_dose1,synflorix,
synflorix-773-count-without-dates-age637d,15/01/2022,14/10/2023,1y 8m 29d,3,"","calculatePcv → started12To23Months (doses[] empty → treats as zero recorded dates)",due-now,doseLabel_dose1,synflorix,
synflorix-776-count-without-dates-age644d,15/01/2022,21/10/2023,1y 9m 6d,1,"","calculatePcv → started12To23Months (doses[] empty → treats as zero recorded dates)",due-now,doseLabel_dose1,synflorix,
synflorix-779-count-without-dates-age644d,15/01/2022,21/10/2023,1y 9m 6d,2,"","calculatePcv → started12To23Months (doses[] empty → treats as zero recorded dates)",due-now,doseLabel_dose1,synflorix,
synflorix-782-count-without-dates-age644d,15/01/2022,21/10/2023,1y 9m 6d,3,"","calculatePcv → started12To23Months (doses[] empty → treats as zero recorded dates)",due-now,doseLabel_dose1,synflorix,
synflorix-785-count-without-dates-age651d,15/01/2022,28/10/2023,1y 9m 13d,1,"","calculatePcv → started12To23Months (doses[] empty → treats as zero recorded dates)",due-now,doseLabel_dose1,synflorix,
synflorix-788-count-without-dates-age651d,15/01/2022,28/10/2023,1y 9m 13d,2,"","calculatePcv → started12To23Months (doses[] empty → treats as zero recorded dates)",due-now,doseLabel_dose1,synflorix,
synflorix-791-count-without-dates-age651d,15/01/2022,28/10/2023,1y 9m 13d,3,"","calculatePcv → started12To23Months (doses[] empty → treats as zero recorded dates)",due-now,doseLabel_dose1,synflorix,
synflorix-794-count-without-dates-age658d,15/01/2022,04/11/2023,1y 9m 20d,1,"","calculatePcv → started12To23Months (doses[] empty → treats as zero recorded dates)",due-now,doseLabel_dose1,synflorix,
synflorix-797-count-without-dates-age658d,15/01/2022,04/11/2023,1y 9m 20d,2,"","calculatePcv → started12To23Months (doses[] empty → treats as zero recorded dates)",due-now,doseLabel_dose1,synflorix,
synflorix-800-count-without-dates-age658d,15/01/2022,04/11/2023,1y 9m 20d,3,"","calculatePcv → started12To23Months (doses[] empty → treats as zero recorded dates)",due-now,doseLabel_dose1,synflorix,
synflorix-803-count-without-dates-age665d,15/01/2022,11/11/2023,1y 9m 27d,1,"","calculatePcv → started12To23Months (doses[] empty → treats as zero recorded dates)",due-now,doseLabel_dose1,synflorix,
synflorix-806-count-without-dates-age665d,15/01/2022,11/11/2023,1y 9m 27d,2,"","calculatePcv → started12To23Months (doses[] empty → treats as zero recorded dates)",due-now,doseLabel_dose1,synflorix,
synflorix-809-count-without-dates-age665d,15/01/2022,11/11/2023,1y 9m 27d,3,"","calculatePcv → started12To23Months (doses[] empty → treats as zero recorded dates)",due-now,doseLabel_dose1,synflorix,
synflorix-812-count-without-dates-age672d,15/01/2022,18/11/2023,1y 10m 3d,1,"","calculatePcv → started12To23Months (doses[] empty → treats as zero recorded dates)",due-now,doseLabel_dose1,synflorix,
synflorix-815-count-without-dates-age672d,15/01/2022,18/11/2023,1y 10m 3d,2,"","calculatePcv → started12To23Months (doses[] empty → treats as zero recorded dates)",due-now,doseLabel_dose1,synflorix,
synflorix-818-count-without-dates-age672d,15/01/2022,18/11/2023,1y 10m 3d,3,"","calculatePcv → started12To23Months (doses[] empty → treats as zero recorded dates)",due-now,doseLabel_dose1,synflorix,
synflorix-821-count-without-dates-age679d,15/01/2022,25/11/2023,1y 10m 10d,1,"","calculatePcv → started12To23Months (doses[] empty → treats as zero recorded dates)",due-now,doseLabel_dose1,synflorix,
synflorix-824-count-without-dates-age679d,15/01/2022,25/11/2023,1y 10m 10d,2,"","calculatePcv → started12To23Months (doses[] empty → treats as zero recorded dates)",due-now,doseLabel_dose1,synflorix,
synflorix-827-count-without-dates-age679d,15/01/2022,25/11/2023,1y 10m 10d,3,"","calculatePcv → started12To23Months (doses[] empty → treats as zero recorded dates)",due-now,doseLabel_dose1,synflorix,
synflorix-830-count-without-dates-age686d,15/01/2022,02/12/2023,1y 10m 17d,1,"","calculatePcv → started12To23Months (doses[] empty → treats as zero recorded dates)",due-now,doseLabel_dose1,synflorix,
synflorix-833-count-without-dates-age686d,15/01/2022,02/12/2023,1y 10m 17d,2,"","calculatePcv → started12To23Months (doses[] empty → treats as zero recorded dates)",due-now,doseLabel_dose1,synflorix,
synflorix-836-count-without-dates-age686d,15/01/2022,02/12/2023,1y 10m 17d,3,"","calculatePcv → started12To23Months (doses[] empty → treats as zero recorded dates)",due-now,doseLabel_dose1,synflorix,
synflorix-839-count-without-dates-age693d,15/01/2022,09/12/2023,1y 10m 24d,1,"","calculatePcv → started12To23Months (doses[] empty → treats as zero recorded dates)",due-now,doseLabel_dose1,synflorix,
synflorix-842-count-without-dates-age693d,15/01/2022,09/12/2023,1y 10m 24d,2,"","calculatePcv → started12To23Months (doses[] empty → treats as zero recorded dates)",due-now,doseLabel_dose1,synflorix,
synflorix-845-count-without-dates-age693d,15/01/2022,09/12/2023,1y 10m 24d,3,"","calculatePcv → started12To23Months (doses[] empty → treats as zero recorded dates)",due-now,doseLabel_dose1,synflorix,
synflorix-848-count-without-dates-age700d,15/01/2022,16/12/2023,1y 11m 1d,1,"","calculatePcv → started12To23Months (doses[] empty → treats as zero recorded dates)",due-now,doseLabel_dose1,synflorix,
synflorix-851-count-without-dates-age700d,15/01/2022,16/12/2023,1y 11m 1d,2,"","calculatePcv → started12To23Months (doses[] empty → treats as zero recorded dates)",due-now,doseLabel_dose1,synflorix,
synflorix-854-count-without-dates-age700d,15/01/2022,16/12/2023,1y 11m 1d,3,"","calculatePcv → started12To23Months (doses[] empty → treats as zero recorded dates)",due-now,doseLabel_dose1,synflorix,
synflorix-857-count-without-dates-age707d,15/01/2022,23/12/2023,1y 11m 8d,1,"","calculatePcv → started12To23Months (doses[] empty → treats as zero recorded dates)",due-now,doseLabel_dose1,synflorix,
synflorix-860-count-without-dates-age707d,15/01/2022,23/12/2023,1y 11m 8d,2,"","calculatePcv → started12To23Months (doses[] empty → treats as zero recorded dates)",due-now,doseLabel_dose1,synflorix,
synflorix-863-count-without-dates-age707d,15/01/2022,23/12/2023,1y 11m 8d,3,"","calculatePcv → started12To23Months (doses[] empty → treats as zero recorded dates)",due-now,doseLabel_dose1,synflorix,
synflorix-866-count-without-dates-age714d,15/01/2022,30/12/2023,1y 11m 15d,1,"","calculatePcv → started12To23Months (doses[] empty → treats as zero recorded dates)",due-now,doseLabel_dose1,synflorix,
synflorix-869-count-without-dates-age714d,15/01/2022,30/12/2023,1y 11m 15d,2,"","calculatePcv → started12To23Months (doses[] empty → treats as zero recorded dates)",due-now,doseLabel_dose1,synflorix,
synflorix-872-count-without-dates-age714d,15/01/2022,30/12/2023,1y 11m 15d,3,"","calculatePcv → started12To23Months (doses[] empty → treats as zero recorded dates)",due-now,doseLabel_dose1,synflorix,
synflorix-875-count-without-dates-age721d,15/01/2022,06/01/2024,1y 11m 22d,1,"","calculatePcv → started12To23Months (doses[] empty → treats as zero recorded dates)",due-now,doseLabel_dose1,synflorix,
synflorix-878-count-without-dates-age721d,15/01/2022,06/01/2024,1y 11m 22d,2,"","calculatePcv → started12To23Months (doses[] empty → treats as zero recorded dates)",due-now,doseLabel_dose1,synflorix,
synflorix-881-count-without-dates-age721d,15/01/2022,06/01/2024,1y 11m 22d,3,"","calculatePcv → started12To23Months (doses[] empty → treats as zero recorded dates)",due-now,doseLabel_dose1,synflorix,
synflorix-884-count-without-dates-age728d,15/01/2022,13/01/2024,1y 11m 29d,1,"","calculatePcv → started12To23Months (doses[] empty → treats as zero recorded dates)",due-now,doseLabel_dose1,synflorix,
synflorix-887-count-without-dates-age728d,15/01/2022,13/01/2024,1y 11m 29d,2,"","calculatePcv → started12To23Months (doses[] empty → treats as zero recorded dates)",due-now,doseLabel_dose1,synflorix,
synflorix-890-count-without-dates-age728d,15/01/2022,13/01/2024,1y 11m 29d,3,"","calculatePcv → started12To23Months (doses[] empty → treats as zero recorded dates)",due-now,doseLabel_dose1,synflorix,
synflorix-893-count-without-dates-age735d,15/01/2022,20/01/2024,2y 0m 5d,1,"","calculatePcv → started2YearsPlus (doses[] empty, uses ageAtStart from today)",due-now,doseLabel_dose1,synflorix,
synflorix-896-count-without-dates-age735d,15/01/2022,20/01/2024,2y 0m 5d,2,"","calculatePcv → started2YearsPlus (doses[] empty, uses ageAtStart from today)",due-now,doseLabel_dose1,synflorix,
synflorix-899-count-without-dates-age735d,15/01/2022,20/01/2024,2y 0m 5d,3,"","calculatePcv → started2YearsPlus (doses[] empty, uses ageAtStart from today)",due-now,doseLabel_dose1,synflorix,
synflorix-902-count-without-dates-age742d,15/01/2022,27/01/2024,2y 0m 12d,1,"","calculatePcv → started2YearsPlus (doses[] empty, uses ageAtStart from today)",due-now,doseLabel_dose1,synflorix,
synflorix-905-count-without-dates-age742d,15/01/2022,27/01/2024,2y 0m 12d,2,"","calculatePcv → started2YearsPlus (doses[] empty, uses ageAtStart from today)",due-now,doseLabel_dose1,synflorix,
synflorix-908-count-without-dates-age742d,15/01/2022,27/01/2024,2y 0m 12d,3,"","calculatePcv → started2YearsPlus (doses[] empty, uses ageAtStart from today)",due-now,doseLabel_dose1,synflorix,
synflorix-911-count-without-dates-age749d,15/01/2022,03/02/2024,2y 0m 19d,1,"","calculatePcv → started2YearsPlus (doses[] empty, uses ageAtStart from today)",due-now,doseLabel_dose1,synflorix,
synflorix-914-count-without-dates-age749d,15/01/2022,03/02/2024,2y 0m 19d,2,"","calculatePcv → started2YearsPlus (doses[] empty, uses ageAtStart from today)",due-now,doseLabel_dose1,synflorix,
synflorix-917-count-without-dates-age749d,15/01/2022,03/02/2024,2y 0m 19d,3,"","calculatePcv → started2YearsPlus (doses[] empty, uses ageAtStart from today)",due-now,doseLabel_dose1,synflorix,
synflorix-920-count-without-dates-age756d,15/01/2022,10/02/2024,2y 0m 26d,1,"","calculatePcv → started2YearsPlus (doses[] empty, uses ageAtStart from today)",due-now,doseLabel_dose1,synflorix,
synflorix-923-count-without-dates-age756d,15/01/2022,10/02/2024,2y 0m 26d,2,"","calculatePcv → started2YearsPlus (doses[] empty, uses ageAtStart from today)",due-now,doseLabel_dose1,synflorix,
synflorix-926-count-without-dates-age756d,15/01/2022,10/02/2024,2y 0m 26d,3,"","calculatePcv → started2YearsPlus (doses[] empty, uses ageAtStart from today)",due-now,doseLabel_dose1,synflorix,
synflorix-929-count-without-dates-age763d,15/01/2022,17/02/2024,2y 1m 2d,1,"","calculatePcv → started2YearsPlus (doses[] empty, uses ageAtStart from today)",due-now,doseLabel_dose1,synflorix,
synflorix-932-count-without-dates-age763d,15/01/2022,17/02/2024,2y 1m 2d,2,"","calculatePcv → started2YearsPlus (doses[] empty, uses ageAtStart from today)",due-now,doseLabel_dose1,synflorix,
synflorix-935-count-without-dates-age763d,15/01/2022,17/02/2024,2y 1m 2d,3,"","calculatePcv → started2YearsPlus (doses[] empty, uses ageAtStart from today)",due-now,doseLabel_dose1,synflorix,
synflorix-938-count-without-dates-age770d,15/01/2022,24/02/2024,2y 1m 9d,1,"","calculatePcv → started2YearsPlus (doses[] empty, uses ageAtStart from today)",due-now,doseLabel_dose1,synflorix,
synflorix-941-count-without-dates-age770d,15/01/2022,24/02/2024,2y 1m 9d,2,"","calculatePcv → started2YearsPlus (doses[] empty, uses ageAtStart from today)",due-now,doseLabel_dose1,synflorix,
synflorix-944-count-without-dates-age770d,15/01/2022,24/02/2024,2y 1m 9d,3,"","calculatePcv → started2YearsPlus (doses[] empty, uses ageAtStart from today)",due-now,doseLabel_dose1,synflorix,
synflorix-947-count-without-dates-age777d,15/01/2022,02/03/2024,2y 1m 16d,1,"","calculatePcv → started2YearsPlus (doses[] empty, uses ageAtStart from today)",due-now,doseLabel_dose1,synflorix,
synflorix-950-count-without-dates-age777d,15/01/2022,02/03/2024,2y 1m 16d,2,"","calculatePcv → started2YearsPlus (doses[] empty, uses ageAtStart from today)",due-now,doseLabel_dose1,synflorix,
synflorix-953-count-without-dates-age777d,15/01/2022,02/03/2024,2y 1m 16d,3,"","calculatePcv → started2YearsPlus (doses[] empty, uses ageAtStart from today)",due-now,doseLabel_dose1,synflorix,
synflorix-956-count-without-dates-age784d,15/01/2022,09/03/2024,2y 1m 23d,1,"","calculatePcv → started2YearsPlus (doses[] empty, uses ageAtStart from today)",due-now,doseLabel_dose1,synflorix,
synflorix-959-count-without-dates-age784d,15/01/2022,09/03/2024,2y 1m 23d,2,"","calculatePcv → started2YearsPlus (doses[] empty, uses ageAtStart from today)",due-now,doseLabel_dose1,synflorix,
synflorix-962-count-without-dates-age784d,15/01/2022,09/03/2024,2y 1m 23d,3,"","calculatePcv → started2YearsPlus (doses[] empty, uses ageAtStart from today)",due-now,doseLabel_dose1,synflorix,
synflorix-965-count-without-dates-age791d,15/01/2022,16/03/2024,2y 2m 1d,1,"","calculatePcv → started2YearsPlus (doses[] empty, uses ageAtStart from today)",due-now,doseLabel_dose1,synflorix,
synflorix-968-count-without-dates-age791d,15/01/2022,16/03/2024,2y 2m 1d,2,"","calculatePcv → started2YearsPlus (doses[] empty, uses ageAtStart from today)",due-now,doseLabel_dose1,synflorix,
synflorix-971-count-without-dates-age791d,15/01/2022,16/03/2024,2y 2m 1d,3,"","calculatePcv → started2YearsPlus (doses[] empty, uses ageAtStart from today)",due-now,doseLabel_dose1,synflorix,
synflorix-974-count-without-dates-age798d,15/01/2022,23/03/2024,2y 2m 8d,1,"","calculatePcv → started2YearsPlus (doses[] empty, uses ageAtStart from today)",due-now,doseLabel_dose1,synflorix,
synflorix-977-count-without-dates-age798d,15/01/2022,23/03/2024,2y 2m 8d,2,"","calculatePcv → started2YearsPlus (doses[] empty, uses ageAtStart from today)",due-now,doseLabel_dose1,synflorix,
synflorix-980-count-without-dates-age798d,15/01/2022,23/03/2024,2y 2m 8d,3,"","calculatePcv → started2YearsPlus (doses[] empty, uses ageAtStart from today)",due-now,doseLabel_dose1,synflorix,
synflorix-983-count-without-dates-age805d,15/01/2022,30/03/2024,2y 2m 15d,1,"","calculatePcv → started2YearsPlus (doses[] empty, uses ageAtStart from today)",due-now,doseLabel_dose1,synflorix,
synflorix-986-count-without-dates-age805d,15/01/2022,30/03/2024,2y 2m 15d,2,"","calculatePcv → started2YearsPlus (doses[] empty, uses ageAtStart from today)",due-now,doseLabel_dose1,synflorix,
synflorix-989-count-without-dates-age805d,15/01/2022,30/03/2024,2y 2m 15d,3,"","calculatePcv → started2YearsPlus (doses[] empty, uses ageAtStart from today)",due-now,doseLabel_dose1,synflorix,
synflorix-992-count-without-dates-age812d,15/01/2022,06/04/2024,2y 2m 22d,1,"","calculatePcv → started2YearsPlus (doses[] empty, uses ageAtStart from today)",due-now,doseLabel_dose1,synflorix,
synflorix-995-count-without-dates-age812d,15/01/2022,06/04/2024,2y 2m 22d,2,"","calculatePcv → started2YearsPlus (doses[] empty, uses ageAtStart from today)",due-now,doseLabel_dose1,synflorix,
synflorix-998-count-without-dates-age812d,15/01/2022,06/04/2024,2y 2m 22d,3,"","calculatePcv → started2YearsPlus (doses[] empty, uses ageAtStart from today)",due-now,doseLabel_dose1,synflorix,
synflorix-1001-count-without-dates-age819d,15/01/2022,13/04/2024,2y 2m 29d,1,"","calculatePcv → started2YearsPlus (doses[] empty, uses ageAtStart from today)",due-now,doseLabel_dose1,synflorix,
synflorix-1004-count-without-dates-age819d,15/01/2022,13/04/2024,2y 2m 29d,2,"","calculatePcv → started2YearsPlus (doses[] empty, uses ageAtStart from today)",due-now,doseLabel_dose1,synflorix,
synflorix-1007-count-without-dates-age819d,15/01/2022,13/04/2024,2y 2m 29d,3,"","calculatePcv → started2YearsPlus (doses[] empty, uses ageAtStart from today)",due-now,doseLabel_dose1,synflorix,
synflorix-1010-count-without-dates-age826d,15/01/2022,20/04/2024,2y 3m 5d,1,"","calculatePcv → started2YearsPlus (doses[] empty, uses ageAtStart from today)",due-now,doseLabel_dose1,synflorix,
synflorix-1013-count-without-dates-age826d,15/01/2022,20/04/2024,2y 3m 5d,2,"","calculatePcv → started2YearsPlus (doses[] empty, uses ageAtStart from today)",due-now,doseLabel_dose1,synflorix,
synflorix-1016-count-without-dates-age826d,15/01/2022,20/04/2024,2y 3m 5d,3,"","calculatePcv → started2YearsPlus (doses[] empty, uses ageAtStart from today)",due-now,doseLabel_dose1,synflorix,
synflorix-1019-count-without-dates-age833d,15/01/2022,27/04/2024,2y 3m 12d,1,"","calculatePcv → started2YearsPlus (doses[] empty, uses ageAtStart from today)",due-now,doseLabel_dose1,synflorix,
synflorix-1022-count-without-dates-age833d,15/01/2022,27/04/2024,2y 3m 12d,2,"","calculatePcv → started2YearsPlus (doses[] empty, uses ageAtStart from today)",due-now,doseLabel_dose1,synflorix,
synflorix-1025-count-without-dates-age833d,15/01/2022,27/04/2024,2y 3m 12d,3,"","calculatePcv → started2YearsPlus (doses[] empty, uses ageAtStart from today)",due-now,doseLabel_dose1,synflorix,
synflorix-1028-count-without-dates-age840d,15/01/2022,04/05/2024,2y 3m 19d,1,"","calculatePcv → started2YearsPlus (doses[] empty, uses ageAtStart from today)",due-now,doseLabel_dose1,synflorix,
synflorix-1031-count-without-dates-age840d,15/01/2022,04/05/2024,2y 3m 19d,2,"","calculatePcv → started2YearsPlus (doses[] empty, uses ageAtStart from today)",due-now,doseLabel_dose1,synflorix,
synflorix-1034-count-without-dates-age840d,15/01/2022,04/05/2024,2y 3m 19d,3,"","calculatePcv → started2YearsPlus (doses[] empty, uses ageAtStart from today)",due-now,doseLabel_dose1,synflorix,
synflorix-1037-count-without-dates-age847d,15/01/2022,11/05/2024,2y 3m 26d,1,"","calculatePcv → started2YearsPlus (doses[] empty, uses ageAtStart from today)",due-now,doseLabel_dose1,synflorix,
synflorix-1040-count-without-dates-age847d,15/01/2022,11/05/2024,2y 3m 26d,2,"","calculatePcv → started2YearsPlus (doses[] empty, uses ageAtStart from today)",due-now,doseLabel_dose1,synflorix,
synflorix-1043-count-without-dates-age847d,15/01/2022,11/05/2024,2y 3m 26d,3,"","calculatePcv → started2YearsPlus (doses[] empty, uses ageAtStart from today)",due-now,doseLabel_dose1,synflorix,
synflorix-1046-count-without-dates-age854d,15/01/2022,18/05/2024,2y 4m 3d,1,"","calculatePcv → started2YearsPlus (doses[] empty, uses ageAtStart from today)",due-now,doseLabel_dose1,synflorix,
synflorix-1049-count-without-dates-age854d,15/01/2022,18/05/2024,2y 4m 3d,2,"","calculatePcv → started2YearsPlus (doses[] empty, uses ageAtStart from today)",due-now,doseLabel_dose1,synflorix,
synflorix-1052-count-without-dates-age854d,15/01/2022,18/05/2024,2y 4m 3d,3,"","calculatePcv → started2YearsPlus (doses[] empty, uses ageAtStart from today)",due-now,doseLabel_dose1,synflorix,
synflorix-1055-count-without-dates-age861d,15/01/2022,25/05/2024,2y 4m 10d,1,"","calculatePcv → started2YearsPlus (doses[] empty, uses ageAtStart from today)",due-now,doseLabel_dose1,synflorix,
synflorix-1058-count-without-dates-age861d,15/01/2022,25/05/2024,2y 4m 10d,2,"","calculatePcv → started2YearsPlus (doses[] empty, uses ageAtStart from today)",due-now,doseLabel_dose1,synflorix,
synflorix-1061-count-without-dates-age861d,15/01/2022,25/05/2024,2y 4m 10d,3,"","calculatePcv → started2YearsPlus (doses[] empty, uses ageAtStart from today)",due-now,doseLabel_dose1,synflorix,
synflorix-1064-count-without-dates-age868d,15/01/2022,01/06/2024,2y 4m 17d,1,"","calculatePcv → started2YearsPlus (doses[] empty, uses ageAtStart from today)",due-now,doseLabel_dose1,synflorix,
synflorix-1067-count-without-dates-age868d,15/01/2022,01/06/2024,2y 4m 17d,2,"","calculatePcv → started2YearsPlus (doses[] empty, uses ageAtStart from today)",due-now,doseLabel_dose1,synflorix,
synflorix-1070-count-without-dates-age868d,15/01/2022,01/06/2024,2y 4m 17d,3,"","calculatePcv → started2YearsPlus (doses[] empty, uses ageAtStart from today)",due-now,doseLabel_dose1,synflorix,
synflorix-1073-count-without-dates-age875d,15/01/2022,08/06/2024,2y 4m 24d,1,"","calculatePcv → started2YearsPlus (doses[] empty, uses ageAtStart from today)",due-now,doseLabel_dose1,synflorix,
synflorix-1076-count-without-dates-age875d,15/01/2022,08/06/2024,2y 4m 24d,2,"","calculatePcv → started2YearsPlus (doses[] empty, uses ageAtStart from today)",due-now,doseLabel_dose1,synflorix,
synflorix-1079-count-without-dates-age875d,15/01/2022,08/06/2024,2y 4m 24d,3,"","calculatePcv → started2YearsPlus (doses[] empty, uses ageAtStart from today)",due-now,doseLabel_dose1,synflorix,
synflorix-1082-count-without-dates-age882d,15/01/2022,15/06/2024,2y 5m 0d,1,"","calculatePcv → started2YearsPlus (doses[] empty, uses ageAtStart from today)",due-now,doseLabel_dose1,synflorix,
synflorix-1085-count-without-dates-age882d,15/01/2022,15/06/2024,2y 5m 0d,2,"","calculatePcv → started2YearsPlus (doses[] empty, uses ageAtStart from today)",due-now,doseLabel_dose1,synflorix,
synflorix-1088-count-without-dates-age882d,15/01/2022,15/06/2024,2y 5m 0d,3,"","calculatePcv → started2YearsPlus (doses[] empty, uses ageAtStart from today)",due-now,doseLabel_dose1,synflorix,
synflorix-1091-count-without-dates-age889d,15/01/2022,22/06/2024,2y 5m 7d,1,"","calculatePcv → started2YearsPlus (doses[] empty, uses ageAtStart from today)",due-now,doseLabel_dose1,synflorix,
synflorix-1094-count-without-dates-age889d,15/01/2022,22/06/2024,2y 5m 7d,2,"","calculatePcv → started2YearsPlus (doses[] empty, uses ageAtStart from today)",due-now,doseLabel_dose1,synflorix,
synflorix-1097-count-without-dates-age889d,15/01/2022,22/06/2024,2y 5m 7d,3,"","calculatePcv → started2YearsPlus (doses[] empty, uses ageAtStart from today)",due-now,doseLabel_dose1,synflorix,
synflorix-1100-count-without-dates-age896d,15/01/2022,29/06/2024,2y 5m 14d,1,"","calculatePcv → started2YearsPlus (doses[] empty, uses ageAtStart from today)",due-now,doseLabel_dose1,synflorix,
synflorix-1103-count-without-dates-age896d,15/01/2022,29/06/2024,2y 5m 14d,2,"","calculatePcv → started2YearsPlus (doses[] empty, uses ageAtStart from today)",due-now,doseLabel_dose1,synflorix,
synflorix-1106-count-without-dates-age896d,15/01/2022,29/06/2024,2y 5m 14d,3,"","calculatePcv → started2YearsPlus (doses[] empty, uses ageAtStart from today)",due-now,doseLabel_dose1,synflorix,
synflorix-1109-count-without-dates-age903d,15/01/2022,06/07/2024,2y 5m 21d,1,"","calculatePcv → started2YearsPlus (doses[] empty, uses ageAtStart from today)",due-now,doseLabel_dose1,synflorix,
synflorix-1112-count-without-dates-age903d,15/01/2022,06/07/2024,2y 5m 21d,2,"","calculatePcv → started2YearsPlus (doses[] empty, uses ageAtStart from today)",due-now,doseLabel_dose1,synflorix,
synflorix-1115-count-without-dates-age903d,15/01/2022,06/07/2024,2y 5m 21d,3,"","calculatePcv → started2YearsPlus (doses[] empty, uses ageAtStart from today)",due-now,doseLabel_dose1,synflorix,
synflorix-1118-count-without-dates-age910d,15/01/2022,13/07/2024,2y 5m 28d,1,"","calculatePcv → started2YearsPlus (doses[] empty, uses ageAtStart from today)",due-now,doseLabel_dose1,synflorix,
synflorix-1121-count-without-dates-age910d,15/01/2022,13/07/2024,2y 5m 28d,2,"","calculatePcv → started2YearsPlus (doses[] empty, uses ageAtStart from today)",due-now,doseLabel_dose1,synflorix,
synflorix-1124-count-without-dates-age910d,15/01/2022,13/07/2024,2y 5m 28d,3,"","calculatePcv → started2YearsPlus (doses[] empty, uses ageAtStart from today)",due-now,doseLabel_dose1,synflorix,
synflorix-1127-count-without-dates-age917d,15/01/2022,20/07/2024,2y 6m 5d,1,"","calculatePcv → started2YearsPlus (doses[] empty, uses ageAtStart from today)",due-now,doseLabel_dose1,synflorix,
synflorix-1130-count-without-dates-age917d,15/01/2022,20/07/2024,2y 6m 5d,2,"","calculatePcv → started2YearsPlus (doses[] empty, uses ageAtStart from today)",due-now,doseLabel_dose1,synflorix,
synflorix-1133-count-without-dates-age917d,15/01/2022,20/07/2024,2y 6m 5d,3,"","calculatePcv → started2YearsPlus (doses[] empty, uses ageAtStart from today)",due-now,doseLabel_dose1,synflorix,
synflorix-1136-count-without-dates-age924d,15/01/2022,27/07/2024,2y 6m 12d,1,"","calculatePcv → started2YearsPlus (doses[] empty, uses ageAtStart from today)",due-now,doseLabel_dose1,synflorix,
synflorix-1139-count-without-dates-age924d,15/01/2022,27/07/2024,2y 6m 12d,2,"","calculatePcv → started2YearsPlus (doses[] empty, uses ageAtStart from today)",due-now,doseLabel_dose1,synflorix,
synflorix-1142-count-without-dates-age924d,15/01/2022,27/07/2024,2y 6m 12d,3,"","calculatePcv → started2YearsPlus (doses[] empty, uses ageAtStart from today)",due-now,doseLabel_dose1,synflorix,
synflorix-1145-count-without-dates-age931d,15/01/2022,03/08/2024,2y 6m 19d,1,"","calculatePcv → started2YearsPlus (doses[] empty, uses ageAtStart from today)",due-now,doseLabel_dose1,synflorix,
synflorix-1148-count-without-dates-age931d,15/01/2022,03/08/2024,2y 6m 19d,2,"","calculatePcv → started2YearsPlus (doses[] empty, uses ageAtStart from today)",due-now,doseLabel_dose1,synflorix,
synflorix-1151-count-without-dates-age931d,15/01/2022,03/08/2024,2y 6m 19d,3,"","calculatePcv → started2YearsPlus (doses[] empty, uses ageAtStart from today)",due-now,doseLabel_dose1,synflorix,
synflorix-1154-count-without-dates-age938d,15/01/2022,10/08/2024,2y 6m 26d,1,"","calculatePcv → started2YearsPlus (doses[] empty, uses ageAtStart from today)",due-now,doseLabel_dose1,synflorix,
synflorix-1157-count-without-dates-age938d,15/01/2022,10/08/2024,2y 6m 26d,2,"","calculatePcv → started2YearsPlus (doses[] empty, uses ageAtStart from today)",due-now,doseLabel_dose1,synflorix,
synflorix-1160-count-without-dates-age938d,15/01/2022,10/08/2024,2y 6m 26d,3,"","calculatePcv → started2YearsPlus (doses[] empty, uses ageAtStart from today)",due-now,doseLabel_dose1,synflorix,
synflorix-1163-count-without-dates-age945d,15/01/2022,17/08/2024,2y 7m 2d,1,"","calculatePcv → started2YearsPlus (doses[] empty, uses ageAtStart from today)",due-now,doseLabel_dose1,synflorix,
synflorix-1166-count-without-dates-age945d,15/01/2022,17/08/2024,2y 7m 2d,2,"","calculatePcv → started2YearsPlus (doses[] empty, uses ageAtStart from today)",due-now,doseLabel_dose1,synflorix,
synflorix-1169-count-without-dates-age945d,15/01/2022,17/08/2024,2y 7m 2d,3,"","calculatePcv → started2YearsPlus (doses[] empty, uses ageAtStart from today)",due-now,doseLabel_dose1,synflorix,
synflorix-1172-count-without-dates-age952d,15/01/2022,24/08/2024,2y 7m 9d,1,"","calculatePcv → started2YearsPlus (doses[] empty, uses ageAtStart from today)",due-now,doseLabel_dose1,synflorix,
synflorix-1175-count-without-dates-age952d,15/01/2022,24/08/2024,2y 7m 9d,2,"","calculatePcv → started2YearsPlus (doses[] empty, uses ageAtStart from today)",due-now,doseLabel_dose1,synflorix,
synflorix-1178-count-without-dates-age952d,15/01/2022,24/08/2024,2y 7m 9d,3,"","calculatePcv → started2YearsPlus (doses[] empty, uses ageAtStart from today)",due-now,doseLabel_dose1,synflorix,
synflorix-1181-count-without-dates-age959d,15/01/2022,31/08/2024,2y 7m 16d,1,"","calculatePcv → started2YearsPlus (doses[] empty, uses ageAtStart from today)",due-now,doseLabel_dose1,synflorix,
synflorix-1184-count-without-dates-age959d,15/01/2022,31/08/2024,2y 7m 16d,2,"","calculatePcv → started2YearsPlus (doses[] empty, uses ageAtStart from today)",due-now,doseLabel_dose1,synflorix,
synflorix-1187-count-without-dates-age959d,15/01/2022,31/08/2024,2y 7m 16d,3,"","calculatePcv → started2YearsPlus (doses[] empty, uses ageAtStart from today)",due-now,doseLabel_dose1,synflorix,
synflorix-1190-count-without-dates-age966d,15/01/2022,07/09/2024,2y 7m 23d,1,"","calculatePcv → started2YearsPlus (doses[] empty, uses ageAtStart from today)",due-now,doseLabel_dose1,synflorix,
synflorix-1193-count-without-dates-age966d,15/01/2022,07/09/2024,2y 7m 23d,2,"","calculatePcv → started2YearsPlus (doses[] empty, uses ageAtStart from today)",due-now,doseLabel_dose1,synflorix,
synflorix-1196-count-without-dates-age966d,15/01/2022,07/09/2024,2y 7m 23d,3,"","calculatePcv → started2YearsPlus (doses[] empty, uses ageAtStart from today)",due-now,doseLabel_dose1,synflorix,
synflorix-1199-count-without-dates-age973d,15/01/2022,14/09/2024,2y 7m 30d,1,"","calculatePcv → started2YearsPlus (doses[] empty, uses ageAtStart from today)",due-now,doseLabel_dose1,synflorix,
synflorix-1202-count-without-dates-age973d,15/01/2022,14/09/2024,2y 7m 30d,2,"","calculatePcv → started2YearsPlus (doses[] empty, uses ageAtStart from today)",due-now,doseLabel_dose1,synflorix,
synflorix-1205-count-without-dates-age973d,15/01/2022,14/09/2024,2y 7m 30d,3,"","calculatePcv → started2YearsPlus (doses[] empty, uses ageAtStart from today)",due-now,doseLabel_dose1,synflorix,
synflorix-1208-count-without-dates-age980d,15/01/2022,21/09/2024,2y 8m 6d,1,"","calculatePcv → started2YearsPlus (doses[] empty, uses ageAtStart from today)",due-now,doseLabel_dose1,synflorix,
synflorix-1211-count-without-dates-age980d,15/01/2022,21/09/2024,2y 8m 6d,2,"","calculatePcv → started2YearsPlus (doses[] empty, uses ageAtStart from today)",due-now,doseLabel_dose1,synflorix,
synflorix-1214-count-without-dates-age980d,15/01/2022,21/09/2024,2y 8m 6d,3,"","calculatePcv → started2YearsPlus (doses[] empty, uses ageAtStart from today)",due-now,doseLabel_dose1,synflorix,
synflorix-1217-count-without-dates-age987d,15/01/2022,28/09/2024,2y 8m 13d,1,"","calculatePcv → started2YearsPlus (doses[] empty, uses ageAtStart from today)",due-now,doseLabel_dose1,synflorix,
synflorix-1220-count-without-dates-age987d,15/01/2022,28/09/2024,2y 8m 13d,2,"","calculatePcv → started2YearsPlus (doses[] empty, uses ageAtStart from today)",due-now,doseLabel_dose1,synflorix,
synflorix-1223-count-without-dates-age987d,15/01/2022,28/09/2024,2y 8m 13d,3,"","calculatePcv → started2YearsPlus (doses[] empty, uses ageAtStart from today)",due-now,doseLabel_dose1,synflorix,
synflorix-1226-count-without-dates-age994d,15/01/2022,05/10/2024,2y 8m 20d,1,"","calculatePcv → started2YearsPlus (doses[] empty, uses ageAtStart from today)",due-now,doseLabel_dose1,synflorix,
synflorix-1229-count-without-dates-age994d,15/01/2022,05/10/2024,2y 8m 20d,2,"","calculatePcv → started2YearsPlus (doses[] empty, uses ageAtStart from today)",due-now,doseLabel_dose1,synflorix,
synflorix-1232-count-without-dates-age994d,15/01/2022,05/10/2024,2y 8m 20d,3,"","calculatePcv → started2YearsPlus (doses[] empty, uses ageAtStart from today)",due-now,doseLabel_dose1,synflorix,
synflorix-1235-count-without-dates-age1001d,15/01/2022,12/10/2024,2y 8m 27d,1,"","calculatePcv → started2YearsPlus (doses[] empty, uses ageAtStart from today)",due-now,doseLabel_dose1,synflorix,
synflorix-1238-count-without-dates-age1001d,15/01/2022,12/10/2024,2y 8m 27d,2,"","calculatePcv → started2YearsPlus (doses[] empty, uses ageAtStart from today)",due-now,doseLabel_dose1,synflorix,
synflorix-1241-count-without-dates-age1001d,15/01/2022,12/10/2024,2y 8m 27d,3,"","calculatePcv → started2YearsPlus (doses[] empty, uses ageAtStart from today)",due-now,doseLabel_dose1,synflorix,
synflorix-1244-count-without-dates-age1008d,15/01/2022,19/10/2024,2y 9m 4d,1,"","calculatePcv → started2YearsPlus (doses[] empty, uses ageAtStart from today)",due-now,doseLabel_dose1,synflorix,
synflorix-1247-count-without-dates-age1008d,15/01/2022,19/10/2024,2y 9m 4d,2,"","calculatePcv → started2YearsPlus (doses[] empty, uses ageAtStart from today)",due-now,doseLabel_dose1,synflorix,
synflorix-1250-count-without-dates-age1008d,15/01/2022,19/10/2024,2y 9m 4d,3,"","calculatePcv → started2YearsPlus (doses[] empty, uses ageAtStart from today)",due-now,doseLabel_dose1,synflorix,
synflorix-1253-count-without-dates-age1015d,15/01/2022,26/10/2024,2y 9m 11d,1,"","calculatePcv → started2YearsPlus (doses[] empty, uses ageAtStart from today)",due-now,doseLabel_dose1,synflorix,
synflorix-1256-count-without-dates-age1015d,15/01/2022,26/10/2024,2y 9m 11d,2,"","calculatePcv → started2YearsPlus (doses[] empty, uses ageAtStart from today)",due-now,doseLabel_dose1,synflorix,
synflorix-1259-count-without-dates-age1015d,15/01/2022,26/10/2024,2y 9m 11d,3,"","calculatePcv → started2YearsPlus (doses[] empty, uses ageAtStart from today)",due-now,doseLabel_dose1,synflorix,
synflorix-1262-count-without-dates-age1022d,15/01/2022,02/11/2024,2y 9m 18d,1,"","calculatePcv → started2YearsPlus (doses[] empty, uses ageAtStart from today)",due-now,doseLabel_dose1,synflorix,
synflorix-1265-count-without-dates-age1022d,15/01/2022,02/11/2024,2y 9m 18d,2,"","calculatePcv → started2YearsPlus (doses[] empty, uses ageAtStart from today)",due-now,doseLabel_dose1,synflorix,
synflorix-1268-count-without-dates-age1022d,15/01/2022,02/11/2024,2y 9m 18d,3,"","calculatePcv → started2YearsPlus (doses[] empty, uses ageAtStart from today)",due-now,doseLabel_dose1,synflorix,
synflorix-1271-count-without-dates-age1029d,15/01/2022,09/11/2024,2y 9m 25d,1,"","calculatePcv → started2YearsPlus (doses[] empty, uses ageAtStart from today)",due-now,doseLabel_dose1,synflorix,
synflorix-1274-count-without-dates-age1029d,15/01/2022,09/11/2024,2y 9m 25d,2,"","calculatePcv → started2YearsPlus (doses[] empty, uses ageAtStart from today)",due-now,doseLabel_dose1,synflorix,
synflorix-1277-count-without-dates-age1029d,15/01/2022,09/11/2024,2y 9m 25d,3,"","calculatePcv → started2YearsPlus (doses[] empty, uses ageAtStart from today)",due-now,doseLabel_dose1,synflorix,
synflorix-1280-count-without-dates-age1036d,15/01/2022,16/11/2024,2y 10m 1d,1,"","calculatePcv → started2YearsPlus (doses[] empty, uses ageAtStart from today)",due-now,doseLabel_dose1,synflorix,
synflorix-1283-count-without-dates-age1036d,15/01/2022,16/11/2024,2y 10m 1d,2,"","calculatePcv → started2YearsPlus (doses[] empty, uses ageAtStart from today)",due-now,doseLabel_dose1,synflorix,
synflorix-1286-count-without-dates-age1036d,15/01/2022,16/11/2024,2y 10m 1d,3,"","calculatePcv → started2YearsPlus (doses[] empty, uses ageAtStart from today)",due-now,doseLabel_dose1,synflorix,
synflorix-1289-count-without-dates-age1043d,15/01/2022,23/11/2024,2y 10m 8d,1,"","calculatePcv → started2YearsPlus (doses[] empty, uses ageAtStart from today)",due-now,doseLabel_dose1,synflorix,
synflorix-1292-count-without-dates-age1043d,15/01/2022,23/11/2024,2y 10m 8d,2,"","calculatePcv → started2YearsPlus (doses[] empty, uses ageAtStart from today)",due-now,doseLabel_dose1,synflorix,
synflorix-1295-count-without-dates-age1043d,15/01/2022,23/11/2024,2y 10m 8d,3,"","calculatePcv → started2YearsPlus (doses[] empty, uses ageAtStart from today)",due-now,doseLabel_dose1,synflorix,
synflorix-1298-count-without-dates-age1050d,15/01/2022,30/11/2024,2y 10m 15d,1,"","calculatePcv → started2YearsPlus (doses[] empty, uses ageAtStart from today)",due-now,doseLabel_dose1,synflorix,
synflorix-1301-count-without-dates-age1050d,15/01/2022,30/11/2024,2y 10m 15d,2,"","calculatePcv → started2YearsPlus (doses[] empty, uses ageAtStart from today)",due-now,doseLabel_dose1,synflorix,
synflorix-1304-count-without-dates-age1050d,15/01/2022,30/11/2024,2y 10m 15d,3,"","calculatePcv → started2YearsPlus (doses[] empty, uses ageAtStart from today)",due-now,doseLabel_dose1,synflorix,
synflorix-1307-count-without-dates-age1057d,15/01/2022,07/12/2024,2y 10m 22d,1,"","calculatePcv → started2YearsPlus (doses[] empty, uses ageAtStart from today)",due-now,doseLabel_dose1,synflorix,
synflorix-1310-count-without-dates-age1057d,15/01/2022,07/12/2024,2y 10m 22d,2,"","calculatePcv → started2YearsPlus (doses[] empty, uses ageAtStart from today)",due-now,doseLabel_dose1,synflorix,
synflorix-1313-count-without-dates-age1057d,15/01/2022,07/12/2024,2y 10m 22d,3,"","calculatePcv → started2YearsPlus (doses[] empty, uses ageAtStart from today)",due-now,doseLabel_dose1,synflorix,
synflorix-1316-count-without-dates-age1064d,15/01/2022,14/12/2024,2y 10m 29d,1,"","calculatePcv → started2YearsPlus (doses[] empty, uses ageAtStart from today)",due-now,doseLabel_dose1,synflorix,
synflorix-1319-count-without-dates-age1064d,15/01/2022,14/12/2024,2y 10m 29d,2,"","calculatePcv → started2YearsPlus (doses[] empty, uses ageAtStart from today)",due-now,doseLabel_dose1,synflorix,
synflorix-1322-count-without-dates-age1064d,15/01/2022,14/12/2024,2y 10m 29d,3,"","calculatePcv → started2YearsPlus (doses[] empty, uses ageAtStart from today)",due-now,doseLabel_dose1,synflorix,
synflorix-1325-count-without-dates-age1071d,15/01/2022,21/12/2024,2y 11m 6d,1,"","calculatePcv → started2YearsPlus (doses[] empty, uses ageAtStart from today)",due-now,doseLabel_dose1,synflorix,
synflorix-1328-count-without-dates-age1071d,15/01/2022,21/12/2024,2y 11m 6d,2,"","calculatePcv → started2YearsPlus (doses[] empty, uses ageAtStart from today)",due-now,doseLabel_dose1,synflorix,
synflorix-1331-count-without-dates-age1071d,15/01/2022,21/12/2024,2y 11m 6d,3,"","calculatePcv → started2YearsPlus (doses[] empty, uses ageAtStart from today)",due-now,doseLabel_dose1,synflorix,
synflorix-1334-count-without-dates-age1078d,15/01/2022,28/12/2024,2y 11m 13d,1,"","calculatePcv → started2YearsPlus (doses[] empty, uses ageAtStart from today)",due-now,doseLabel_dose1,synflorix,
synflorix-1337-count-without-dates-age1078d,15/01/2022,28/12/2024,2y 11m 13d,2,"","calculatePcv → started2YearsPlus (doses[] empty, uses ageAtStart from today)",due-now,doseLabel_dose1,synflorix,
synflorix-1340-count-without-dates-age1078d,15/01/2022,28/12/2024,2y 11m 13d,3,"","calculatePcv → started2YearsPlus (doses[] empty, uses ageAtStart from today)",due-now,doseLabel_dose1,synflorix,
synflorix-1343-count-without-dates-age1085d,15/01/2022,04/01/2025,2y 11m 20d,1,"","calculatePcv → started2YearsPlus (doses[] empty, uses ageAtStart from today)",due-now,doseLabel_dose1,synflorix,
synflorix-1346-count-without-dates-age1085d,15/01/2022,04/01/2025,2y 11m 20d,2,"","calculatePcv → started2YearsPlus (doses[] empty, uses ageAtStart from today)",due-now,doseLabel_dose1,synflorix,
synflorix-1349-count-without-dates-age1085d,15/01/2022,04/01/2025,2y 11m 20d,3,"","calculatePcv → started2YearsPlus (doses[] empty, uses ageAtStart from today)",due-now,doseLabel_dose1,synflorix,
synflorix-1352-count-without-dates-age1092d,15/01/2022,11/01/2025,2y 11m 27d,1,"","calculatePcv → started2YearsPlus (doses[] empty, uses ageAtStart from today)",due-now,doseLabel_dose1,synflorix,
synflorix-1355-count-without-dates-age1092d,15/01/2022,11/01/2025,2y 11m 27d,2,"","calculatePcv → started2YearsPlus (doses[] empty, uses ageAtStart from today)",due-now,doseLabel_dose1,synflorix,
synflorix-1358-count-without-dates-age1092d,15/01/2022,11/01/2025,2y 11m 27d,3,"","calculatePcv → started2YearsPlus (doses[] empty, uses ageAtStart from today)",due-now,doseLabel_dose1,synflorix,
synflorix-1361-count-without-dates-age1099d,15/01/2022,18/01/2025,3y 0m 3d,1,"","calculatePcv → started2YearsPlus (doses[] empty, uses ageAtStart from today)",due-now,doseLabel_dose1,synflorix,
synflorix-1364-count-without-dates-age1099d,15/01/2022,18/01/2025,3y 0m 3d,2,"","calculatePcv → started2YearsPlus (doses[] empty, uses ageAtStart from today)",due-now,doseLabel_dose1,synflorix,
synflorix-1367-count-without-dates-age1099d,15/01/2022,18/01/2025,3y 0m 3d,3,"","calculatePcv → started2YearsPlus (doses[] empty, uses ageAtStart from today)",due-now,doseLabel_dose1,synflorix,
synflorix-1370-count-without-dates-age1106d,15/01/2022,25/01/2025,3y 0m 10d,1,"","calculatePcv → started2YearsPlus (doses[] empty, uses ageAtStart from today)",due-now,doseLabel_dose1,synflorix,
synflorix-1373-count-without-dates-age1106d,15/01/2022,25/01/2025,3y 0m 10d,2,"","calculatePcv → started2YearsPlus (doses[] empty, uses ageAtStart from today)",due-now,doseLabel_dose1,synflorix,
synflorix-1376-count-without-dates-age1106d,15/01/2022,25/01/2025,3y 0m 10d,3,"","calculatePcv → started2YearsPlus (doses[] empty, uses ageAtStart from today)",due-now,doseLabel_dose1,synflorix,
synflorix-1379-count-without-dates-age1113d,15/01/2022,01/02/2025,3y 0m 17d,1,"","calculatePcv → started2YearsPlus (doses[] empty, uses ageAtStart from today)",due-now,doseLabel_dose1,synflorix,
synflorix-1382-count-without-dates-age1113d,15/01/2022,01/02/2025,3y 0m 17d,2,"","calculatePcv → started2YearsPlus (doses[] empty, uses ageAtStart from today)",due-now,doseLabel_dose1,synflorix,
synflorix-1385-count-without-dates-age1113d,15/01/2022,01/02/2025,3y 0m 17d,3,"","calculatePcv → started2YearsPlus (doses[] empty, uses ageAtStart from today)",due-now,doseLabel_dose1,synflorix,
synflorix-1388-count-without-dates-age1120d,15/01/2022,08/02/2025,3y 0m 24d,1,"","calculatePcv → started2YearsPlus (doses[] empty, uses ageAtStart from today)",due-now,doseLabel_dose1,synflorix,
synflorix-1391-count-without-dates-age1120d,15/01/2022,08/02/2025,3y 0m 24d,2,"","calculatePcv → started2YearsPlus (doses[] empty, uses ageAtStart from today)",due-now,doseLabel_dose1,synflorix,
synflorix-1394-count-without-dates-age1120d,15/01/2022,08/02/2025,3y 0m 24d,3,"","calculatePcv → started2YearsPlus (doses[] empty, uses ageAtStart from today)",due-now,doseLabel_dose1,synflorix,
synflorix-1397-count-without-dates-age1127d,15/01/2022,15/02/2025,3y 1m 0d,1,"","calculatePcv → started2YearsPlus (doses[] empty, uses ageAtStart from today)",due-now,doseLabel_dose1,synflorix,
synflorix-1400-count-without-dates-age1127d,15/01/2022,15/02/2025,3y 1m 0d,2,"","calculatePcv → started2YearsPlus (doses[] empty, uses ageAtStart from today)",due-now,doseLabel_dose1,synflorix,
synflorix-1403-count-without-dates-age1127d,15/01/2022,15/02/2025,3y 1m 0d,3,"","calculatePcv → started2YearsPlus (doses[] empty, uses ageAtStart from today)",due-now,doseLabel_dose1,synflorix,
synflorix-1406-count-without-dates-age1134d,15/01/2022,22/02/2025,3y 1m 7d,1,"","calculatePcv → started2YearsPlus (doses[] empty, uses ageAtStart from today)",due-now,doseLabel_dose1,synflorix,
synflorix-1409-count-without-dates-age1134d,15/01/2022,22/02/2025,3y 1m 7d,2,"","calculatePcv → started2YearsPlus (doses[] empty, uses ageAtStart from today)",due-now,doseLabel_dose1,synflorix,
synflorix-1412-count-without-dates-age1134d,15/01/2022,22/02/2025,3y 1m 7d,3,"","calculatePcv → started2YearsPlus (doses[] empty, uses ageAtStart from today)",due-now,doseLabel_dose1,synflorix,
synflorix-1415-count-without-dates-age1141d,15/01/2022,01/03/2025,3y 1m 14d,1,"","calculatePcv → started2YearsPlus (doses[] empty, uses ageAtStart from today)",due-now,doseLabel_dose1,synflorix,
synflorix-1418-count-without-dates-age1141d,15/01/2022,01/03/2025,3y 1m 14d,2,"","calculatePcv → started2YearsPlus (doses[] empty, uses ageAtStart from today)",due-now,doseLabel_dose1,synflorix,
synflorix-1421-count-without-dates-age1141d,15/01/2022,01/03/2025,3y 1m 14d,3,"","calculatePcv → started2YearsPlus (doses[] empty, uses ageAtStart from today)",due-now,doseLabel_dose1,synflorix,
synflorix-1424-count-without-dates-age1148d,15/01/2022,08/03/2025,3y 1m 21d,1,"","calculatePcv → started2YearsPlus (doses[] empty, uses ageAtStart from today)",due-now,doseLabel_dose1,synflorix,
synflorix-1427-count-without-dates-age1148d,15/01/2022,08/03/2025,3y 1m 21d,2,"","calculatePcv → started2YearsPlus (doses[] empty, uses ageAtStart from today)",due-now,doseLabel_dose1,synflorix,
synflorix-1430-count-without-dates-age1148d,15/01/2022,08/03/2025,3y 1m 21d,3,"","calculatePcv → started2YearsPlus (doses[] empty, uses ageAtStart from today)",due-now,doseLabel_dose1,synflorix,
synflorix-1433-count-without-dates-age1155d,15/01/2022,15/03/2025,3y 2m 0d,1,"","calculatePcv → started2YearsPlus (doses[] empty, uses ageAtStart from today)",due-now,doseLabel_dose1,synflorix,
synflorix-1436-count-without-dates-age1155d,15/01/2022,15/03/2025,3y 2m 0d,2,"","calculatePcv → started2YearsPlus (doses[] empty, uses ageAtStart from today)",due-now,doseLabel_dose1,synflorix,
synflorix-1439-count-without-dates-age1155d,15/01/2022,15/03/2025,3y 2m 0d,3,"","calculatePcv → started2YearsPlus (doses[] empty, uses ageAtStart from today)",due-now,doseLabel_dose1,synflorix,
synflorix-1442-count-without-dates-age1162d,15/01/2022,22/03/2025,3y 2m 7d,1,"","calculatePcv → started2YearsPlus (doses[] empty, uses ageAtStart from today)",due-now,doseLabel_dose1,synflorix,
synflorix-1445-count-without-dates-age1162d,15/01/2022,22/03/2025,3y 2m 7d,2,"","calculatePcv → started2YearsPlus (doses[] empty, uses ageAtStart from today)",due-now,doseLabel_dose1,synflorix,
synflorix-1448-count-without-dates-age1162d,15/01/2022,22/03/2025,3y 2m 7d,3,"","calculatePcv → started2YearsPlus (doses[] empty, uses ageAtStart from today)",due-now,doseLabel_dose1,synflorix,
synflorix-1451-count-without-dates-age1169d,15/01/2022,29/03/2025,3y 2m 14d,1,"","calculatePcv → started2YearsPlus (doses[] empty, uses ageAtStart from today)",due-now,doseLabel_dose1,synflorix,
synflorix-1454-count-without-dates-age1169d,15/01/2022,29/03/2025,3y 2m 14d,2,"","calculatePcv → started2YearsPlus (doses[] empty, uses ageAtStart from today)",due-now,doseLabel_dose1,synflorix,
synflorix-1457-count-without-dates-age1169d,15/01/2022,29/03/2025,3y 2m 14d,3,"","calculatePcv → started2YearsPlus (doses[] empty, uses ageAtStart from today)",due-now,doseLabel_dose1,synflorix,
synflorix-1460-count-without-dates-age1176d,15/01/2022,05/04/2025,3y 2m 21d,1,"","calculatePcv → started2YearsPlus (doses[] empty, uses ageAtStart from today)",due-now,doseLabel_dose1,synflorix,
synflorix-1463-count-without-dates-age1176d,15/01/2022,05/04/2025,3y 2m 21d,2,"","calculatePcv → started2YearsPlus (doses[] empty, uses ageAtStart from today)",due-now,doseLabel_dose1,synflorix,
synflorix-1466-count-without-dates-age1176d,15/01/2022,05/04/2025,3y 2m 21d,3,"","calculatePcv → started2YearsPlus (doses[] empty, uses ageAtStart from today)",due-now,doseLabel_dose1,synflorix,
synflorix-1469-count-without-dates-age1183d,15/01/2022,12/04/2025,3y 2m 28d,1,"","calculatePcv → started2YearsPlus (doses[] empty, uses ageAtStart from today)",due-now,doseLabel_dose1,synflorix,
synflorix-1472-count-without-dates-age1183d,15/01/2022,12/04/2025,3y 2m 28d,2,"","calculatePcv → started2YearsPlus (doses[] empty, uses ageAtStart from today)",due-now,doseLabel_dose1,synflorix,
synflorix-1475-count-without-dates-age1183d,15/01/2022,12/04/2025,3y 2m 28d,3,"","calculatePcv → started2YearsPlus (doses[] empty, uses ageAtStart from today)",due-now,doseLabel_dose1,synflorix,
synflorix-1478-count-without-dates-age1190d,15/01/2022,19/04/2025,3y 3m 4d,1,"","calculatePcv → started2YearsPlus (doses[] empty, uses ageAtStart from today)",due-now,doseLabel_dose1,synflorix,
synflorix-1481-count-without-dates-age1190d,15/01/2022,19/04/2025,3y 3m 4d,2,"","calculatePcv → started2YearsPlus (doses[] empty, uses ageAtStart from today)",due-now,doseLabel_dose1,synflorix,
synflorix-1484-count-without-dates-age1190d,15/01/2022,19/04/2025,3y 3m 4d,3,"","calculatePcv → started2YearsPlus (doses[] empty, uses ageAtStart from today)",due-now,doseLabel_dose1,synflorix,
synflorix-1487-count-without-dates-age1197d,15/01/2022,26/04/2025,3y 3m 11d,1,"","calculatePcv → started2YearsPlus (doses[] empty, uses ageAtStart from today)",due-now,doseLabel_dose1,synflorix,
synflorix-1490-count-without-dates-age1197d,15/01/2022,26/04/2025,3y 3m 11d,2,"","calculatePcv → started2YearsPlus (doses[] empty, uses ageAtStart from today)",due-now,doseLabel_dose1,synflorix,
synflorix-1493-count-without-dates-age1197d,15/01/2022,26/04/2025,3y 3m 11d,3,"","calculatePcv → started2YearsPlus (doses[] empty, uses ageAtStart from today)",due-now,doseLabel_dose1,synflorix,
synflorix-1496-count-without-dates-age1204d,15/01/2022,03/05/2025,3y 3m 18d,1,"","calculatePcv → started2YearsPlus (doses[] empty, uses ageAtStart from today)",due-now,doseLabel_dose1,synflorix,
synflorix-1499-count-without-dates-age1204d,15/01/2022,03/05/2025,3y 3m 18d,2,"","calculatePcv → started2YearsPlus (doses[] empty, uses ageAtStart from today)",due-now,doseLabel_dose1,synflorix,
synflorix-1502-count-without-dates-age1204d,15/01/2022,03/05/2025,3y 3m 18d,3,"","calculatePcv → started2YearsPlus (doses[] empty, uses ageAtStart from today)",due-now,doseLabel_dose1,synflorix,
synflorix-1505-count-without-dates-age1211d,15/01/2022,10/05/2025,3y 3m 25d,1,"","calculatePcv → started2YearsPlus (doses[] empty, uses ageAtStart from today)",due-now,doseLabel_dose1,synflorix,
synflorix-1508-count-without-dates-age1211d,15/01/2022,10/05/2025,3y 3m 25d,2,"","calculatePcv → started2YearsPlus (doses[] empty, uses ageAtStart from today)",due-now,doseLabel_dose1,synflorix,
synflorix-1511-count-without-dates-age1211d,15/01/2022,10/05/2025,3y 3m 25d,3,"","calculatePcv → started2YearsPlus (doses[] empty, uses ageAtStart from today)",due-now,doseLabel_dose1,synflorix,
synflorix-1514-count-without-dates-age1218d,15/01/2022,17/05/2025,3y 4m 2d,1,"","calculatePcv → started2YearsPlus (doses[] empty, uses ageAtStart from today)",due-now,doseLabel_dose1,synflorix,
synflorix-1517-count-without-dates-age1218d,15/01/2022,17/05/2025,3y 4m 2d,2,"","calculatePcv → started2YearsPlus (doses[] empty, uses ageAtStart from today)",due-now,doseLabel_dose1,synflorix,
synflorix-1520-count-without-dates-age1218d,15/01/2022,17/05/2025,3y 4m 2d,3,"","calculatePcv → started2YearsPlus (doses[] empty, uses ageAtStart from today)",due-now,doseLabel_dose1,synflorix,
synflorix-1523-count-without-dates-age1225d,15/01/2022,24/05/2025,3y 4m 9d,1,"","calculatePcv → started2YearsPlus (doses[] empty, uses ageAtStart from today)",due-now,doseLabel_dose1,synflorix,
synflorix-1526-count-without-dates-age1225d,15/01/2022,24/05/2025,3y 4m 9d,2,"","calculatePcv → started2YearsPlus (doses[] empty, uses ageAtStart from today)",due-now,doseLabel_dose1,synflorix,
synflorix-1529-count-without-dates-age1225d,15/01/2022,24/05/2025,3y 4m 9d,3,"","calculatePcv → started2YearsPlus (doses[] empty, uses ageAtStart from today)",due-now,doseLabel_dose1,synflorix,
synflorix-1532-count-without-dates-age1232d,15/01/2022,31/05/2025,3y 4m 16d,1,"","calculatePcv → started2YearsPlus (doses[] empty, uses ageAtStart from today)",due-now,doseLabel_dose1,synflorix,
synflorix-1535-count-without-dates-age1232d,15/01/2022,31/05/2025,3y 4m 16d,2,"","calculatePcv → started2YearsPlus (doses[] empty, uses ageAtStart from today)",due-now,doseLabel_dose1,synflorix,
synflorix-1538-count-without-dates-age1232d,15/01/2022,31/05/2025,3y 4m 16d,3,"","calculatePcv → started2YearsPlus (doses[] empty, uses ageAtStart from today)",due-now,doseLabel_dose1,synflorix,
synflorix-1541-count-without-dates-age1239d,15/01/2022,07/06/2025,3y 4m 23d,1,"","calculatePcv → started2YearsPlus (doses[] empty, uses ageAtStart from today)",due-now,doseLabel_dose1,synflorix,
synflorix-1544-count-without-dates-age1239d,15/01/2022,07/06/2025,3y 4m 23d,2,"","calculatePcv → started2YearsPlus (doses[] empty, uses ageAtStart from today)",due-now,doseLabel_dose1,synflorix,
synflorix-1547-count-without-dates-age1239d,15/01/2022,07/06/2025,3y 4m 23d,3,"","calculatePcv → started2YearsPlus (doses[] empty, uses ageAtStart from today)",due-now,doseLabel_dose1,synflorix,
synflorix-1550-count-without-dates-age1246d,15/01/2022,14/06/2025,3y 4m 30d,1,"","calculatePcv → started2YearsPlus (doses[] empty, uses ageAtStart from today)",due-now,doseLabel_dose1,synflorix,
synflorix-1553-count-without-dates-age1246d,15/01/2022,14/06/2025,3y 4m 30d,2,"","calculatePcv → started2YearsPlus (doses[] empty, uses ageAtStart from today)",due-now,doseLabel_dose1,synflorix,
synflorix-1556-count-without-dates-age1246d,15/01/2022,14/06/2025,3y 4m 30d,3,"","calculatePcv → started2YearsPlus (doses[] empty, uses ageAtStart from today)",due-now,doseLabel_dose1,synflorix,
synflorix-1559-count-without-dates-age1253d,15/01/2022,21/06/2025,3y 5m 6d,1,"","calculatePcv → started2YearsPlus (doses[] empty, uses ageAtStart from today)",due-now,doseLabel_dose1,synflorix,
synflorix-1562-count-without-dates-age1253d,15/01/2022,21/06/2025,3y 5m 6d,2,"","calculatePcv → started2YearsPlus (doses[] empty, uses ageAtStart from today)",due-now,doseLabel_dose1,synflorix,
synflorix-1565-count-without-dates-age1253d,15/01/2022,21/06/2025,3y 5m 6d,3,"","calculatePcv → started2YearsPlus (doses[] empty, uses ageAtStart from today)",due-now,doseLabel_dose1,synflorix,
synflorix-1568-count-without-dates-age1260d,15/01/2022,28/06/2025,3y 5m 13d,1,"","calculatePcv → started2YearsPlus (doses[] empty, uses ageAtStart from today)",due-now,doseLabel_dose1,synflorix,
synflorix-1571-count-without-dates-age1260d,15/01/2022,28/06/2025,3y 5m 13d,2,"","calculatePcv → started2YearsPlus (doses[] empty, uses ageAtStart from today)",due-now,doseLabel_dose1,synflorix,
synflorix-1574-count-without-dates-age1260d,15/01/2022,28/06/2025,3y 5m 13d,3,"","calculatePcv → started2YearsPlus (doses[] empty, uses ageAtStart from today)",due-now,doseLabel_dose1,synflorix,
synflorix-1577-count-without-dates-age1267d,15/01/2022,05/07/2025,3y 5m 20d,1,"","calculatePcv → started2YearsPlus (doses[] empty, uses ageAtStart from today)",due-now,doseLabel_dose1,synflorix,
synflorix-1580-count-without-dates-age1267d,15/01/2022,05/07/2025,3y 5m 20d,2,"","calculatePcv → started2YearsPlus (doses[] empty, uses ageAtStart from today)",due-now,doseLabel_dose1,synflorix,
synflorix-1583-count-without-dates-age1267d,15/01/2022,05/07/2025,3y 5m 20d,3,"","calculatePcv → started2YearsPlus (doses[] empty, uses ageAtStart from today)",due-now,doseLabel_dose1,synflorix,
synflorix-1586-count-without-dates-age1274d,15/01/2022,12/07/2025,3y 5m 27d,1,"","calculatePcv → started2YearsPlus (doses[] empty, uses ageAtStart from today)",due-now,doseLabel_dose1,synflorix,
synflorix-1589-count-without-dates-age1274d,15/01/2022,12/07/2025,3y 5m 27d,2,"","calculatePcv → started2YearsPlus (doses[] empty, uses ageAtStart from today)",due-now,doseLabel_dose1,synflorix,
synflorix-1592-count-without-dates-age1274d,15/01/2022,12/07/2025,3y 5m 27d,3,"","calculatePcv → started2YearsPlus (doses[] empty, uses ageAtStart from today)",due-now,doseLabel_dose1,synflorix,
synflorix-1595-count-without-dates-age1281d,15/01/2022,19/07/2025,3y 6m 4d,1,"","calculatePcv → started2YearsPlus (doses[] empty, uses ageAtStart from today)",due-now,doseLabel_dose1,synflorix,
synflorix-1598-count-without-dates-age1281d,15/01/2022,19/07/2025,3y 6m 4d,2,"","calculatePcv → started2YearsPlus (doses[] empty, uses ageAtStart from today)",due-now,doseLabel_dose1,synflorix,
synflorix-1601-count-without-dates-age1281d,15/01/2022,19/07/2025,3y 6m 4d,3,"","calculatePcv → started2YearsPlus (doses[] empty, uses ageAtStart from today)",due-now,doseLabel_dose1,synflorix,
synflorix-1604-count-without-dates-age1288d,15/01/2022,26/07/2025,3y 6m 11d,1,"","calculatePcv → started2YearsPlus (doses[] empty, uses ageAtStart from today)",due-now,doseLabel_dose1,synflorix,
synflorix-1607-count-without-dates-age1288d,15/01/2022,26/07/2025,3y 6m 11d,2,"","calculatePcv → started2YearsPlus (doses[] empty, uses ageAtStart from today)",due-now,doseLabel_dose1,synflorix,
synflorix-1610-count-without-dates-age1288d,15/01/2022,26/07/2025,3y 6m 11d,3,"","calculatePcv → started2YearsPlus (doses[] empty, uses ageAtStart from today)",due-now,doseLabel_dose1,synflorix,
synflorix-1613-count-without-dates-age1295d,15/01/2022,02/08/2025,3y 6m 18d,1,"","calculatePcv → started2YearsPlus (doses[] empty, uses ageAtStart from today)",due-now,doseLabel_dose1,synflorix,
synflorix-1616-count-without-dates-age1295d,15/01/2022,02/08/2025,3y 6m 18d,2,"","calculatePcv → started2YearsPlus (doses[] empty, uses ageAtStart from today)",due-now,doseLabel_dose1,synflorix,
synflorix-1619-count-without-dates-age1295d,15/01/2022,02/08/2025,3y 6m 18d,3,"","calculatePcv → started2YearsPlus (doses[] empty, uses ageAtStart from today)",due-now,doseLabel_dose1,synflorix,
synflorix-1622-count-without-dates-age1302d,15/01/2022,09/08/2025,3y 6m 25d,1,"","calculatePcv → started2YearsPlus (doses[] empty, uses ageAtStart from today)",due-now,doseLabel_dose1,synflorix,
synflorix-1625-count-without-dates-age1302d,15/01/2022,09/08/2025,3y 6m 25d,2,"","calculatePcv → started2YearsPlus (doses[] empty, uses ageAtStart from today)",due-now,doseLabel_dose1,synflorix,
synflorix-1628-count-without-dates-age1302d,15/01/2022,09/08/2025,3y 6m 25d,3,"","calculatePcv → started2YearsPlus (doses[] empty, uses ageAtStart from today)",due-now,doseLabel_dose1,synflorix,
synflorix-1631-count-without-dates-age1309d,15/01/2022,16/08/2025,3y 7m 1d,1,"","calculatePcv → started2YearsPlus (doses[] empty, uses ageAtStart from today)",due-now,doseLabel_dose1,synflorix,
synflorix-1634-count-without-dates-age1309d,15/01/2022,16/08/2025,3y 7m 1d,2,"","calculatePcv → started2YearsPlus (doses[] empty, uses ageAtStart from today)",due-now,doseLabel_dose1,synflorix,
synflorix-1637-count-without-dates-age1309d,15/01/2022,16/08/2025,3y 7m 1d,3,"","calculatePcv → started2YearsPlus (doses[] empty, uses ageAtStart from today)",due-now,doseLabel_dose1,synflorix,
synflorix-1640-count-without-dates-age1316d,15/01/2022,23/08/2025,3y 7m 8d,1,"","calculatePcv → started2YearsPlus (doses[] empty, uses ageAtStart from today)",due-now,doseLabel_dose1,synflorix,
synflorix-1643-count-without-dates-age1316d,15/01/2022,23/08/2025,3y 7m 8d,2,"","calculatePcv → started2YearsPlus (doses[] empty, uses ageAtStart from today)",due-now,doseLabel_dose1,synflorix,
synflorix-1646-count-without-dates-age1316d,15/01/2022,23/08/2025,3y 7m 8d,3,"","calculatePcv → started2YearsPlus (doses[] empty, uses ageAtStart from today)",due-now,doseLabel_dose1,synflorix,
synflorix-1649-count-without-dates-age1323d,15/01/2022,30/08/2025,3y 7m 15d,1,"","calculatePcv → started2YearsPlus (doses[] empty, uses ageAtStart from today)",due-now,doseLabel_dose1,synflorix,
synflorix-1652-count-without-dates-age1323d,15/01/2022,30/08/2025,3y 7m 15d,2,"","calculatePcv → started2YearsPlus (doses[] empty, uses ageAtStart from today)",due-now,doseLabel_dose1,synflorix,
synflorix-1655-count-without-dates-age1323d,15/01/2022,30/08/2025,3y 7m 15d,3,"","calculatePcv → started2YearsPlus (doses[] empty, uses ageAtStart from today)",due-now,doseLabel_dose1,synflorix,
synflorix-1658-count-without-dates-age1330d,15/01/2022,06/09/2025,3y 7m 22d,1,"","calculatePcv → started2YearsPlus (doses[] empty, uses ageAtStart from today)",due-now,doseLabel_dose1,synflorix,
synflorix-1661-count-without-dates-age1330d,15/01/2022,06/09/2025,3y 7m 22d,2,"","calculatePcv → started2YearsPlus (doses[] empty, uses ageAtStart from today)",due-now,doseLabel_dose1,synflorix,
synflorix-1664-count-without-dates-age1330d,15/01/2022,06/09/2025,3y 7m 22d,3,"","calculatePcv → started2YearsPlus (doses[] empty, uses ageAtStart from today)",due-now,doseLabel_dose1,synflorix,
synflorix-1667-count-without-dates-age1337d,15/01/2022,13/09/2025,3y 7m 29d,1,"","calculatePcv → started2YearsPlus (doses[] empty, uses ageAtStart from today)",due-now,doseLabel_dose1,synflorix,
synflorix-1670-count-without-dates-age1337d,15/01/2022,13/09/2025,3y 7m 29d,2,"","calculatePcv → started2YearsPlus (doses[] empty, uses ageAtStart from today)",due-now,doseLabel_dose1,synflorix,
synflorix-1673-count-without-dates-age1337d,15/01/2022,13/09/2025,3y 7m 29d,3,"","calculatePcv → started2YearsPlus (doses[] empty, uses ageAtStart from today)",due-now,doseLabel_dose1,synflorix,
synflorix-1676-count-without-dates-age1344d,15/01/2022,20/09/2025,3y 8m 5d,1,"","calculatePcv → started2YearsPlus (doses[] empty, uses ageAtStart from today)",due-now,doseLabel_dose1,synflorix,
synflorix-1679-count-without-dates-age1344d,15/01/2022,20/09/2025,3y 8m 5d,2,"","calculatePcv → started2YearsPlus (doses[] empty, uses ageAtStart from today)",due-now,doseLabel_dose1,synflorix,
synflorix-1682-count-without-dates-age1344d,15/01/2022,20/09/2025,3y 8m 5d,3,"","calculatePcv → started2YearsPlus (doses[] empty, uses ageAtStart from today)",due-now,doseLabel_dose1,synflorix,
synflorix-1685-count-without-dates-age1351d,15/01/2022,27/09/2025,3y 8m 12d,1,"","calculatePcv → started2YearsPlus (doses[] empty, uses ageAtStart from today)",due-now,doseLabel_dose1,synflorix,
synflorix-1688-count-without-dates-age1351d,15/01/2022,27/09/2025,3y 8m 12d,2,"","calculatePcv → started2YearsPlus (doses[] empty, uses ageAtStart from today)",due-now,doseLabel_dose1,synflorix,
synflorix-1691-count-without-dates-age1351d,15/01/2022,27/09/2025,3y 8m 12d,3,"","calculatePcv → started2YearsPlus (doses[] empty, uses ageAtStart from today)",due-now,doseLabel_dose1,synflorix,
synflorix-1694-count-without-dates-age1358d,15/01/2022,04/10/2025,3y 8m 19d,1,"","calculatePcv → started2YearsPlus (doses[] empty, uses ageAtStart from today)",due-now,doseLabel_dose1,synflorix,
synflorix-1697-count-without-dates-age1358d,15/01/2022,04/10/2025,3y 8m 19d,2,"","calculatePcv → started2YearsPlus (doses[] empty, uses ageAtStart from today)",due-now,doseLabel_dose1,synflorix,
synflorix-1700-count-without-dates-age1358d,15/01/2022,04/10/2025,3y 8m 19d,3,"","calculatePcv → started2YearsPlus (doses[] empty, uses ageAtStart from today)",due-now,doseLabel_dose1,synflorix,
synflorix-1703-count-without-dates-age1365d,15/01/2022,11/10/2025,3y 8m 26d,1,"","calculatePcv → started2YearsPlus (doses[] empty, uses ageAtStart from today)",due-now,doseLabel_dose1,synflorix,
synflorix-1706-count-without-dates-age1365d,15/01/2022,11/10/2025,3y 8m 26d,2,"","calculatePcv → started2YearsPlus (doses[] empty, uses ageAtStart from today)",due-now,doseLabel_dose1,synflorix,
synflorix-1709-count-without-dates-age1365d,15/01/2022,11/10/2025,3y 8m 26d,3,"","calculatePcv → started2YearsPlus (doses[] empty, uses ageAtStart from today)",due-now,doseLabel_dose1,synflorix,
synflorix-1712-count-without-dates-age1372d,15/01/2022,18/10/2025,3y 9m 3d,1,"","calculatePcv → started2YearsPlus (doses[] empty, uses ageAtStart from today)",due-now,doseLabel_dose1,synflorix,
synflorix-1715-count-without-dates-age1372d,15/01/2022,18/10/2025,3y 9m 3d,2,"","calculatePcv → started2YearsPlus (doses[] empty, uses ageAtStart from today)",due-now,doseLabel_dose1,synflorix,
synflorix-1718-count-without-dates-age1372d,15/01/2022,18/10/2025,3y 9m 3d,3,"","calculatePcv → started2YearsPlus (doses[] empty, uses ageAtStart from today)",due-now,doseLabel_dose1,synflorix,
synflorix-1721-count-without-dates-age1379d,15/01/2022,25/10/2025,3y 9m 10d,1,"","calculatePcv → started2YearsPlus (doses[] empty, uses ageAtStart from today)",due-now,doseLabel_dose1,synflorix,
synflorix-1724-count-without-dates-age1379d,15/01/2022,25/10/2025,3y 9m 10d,2,"","calculatePcv → started2YearsPlus (doses[] empty, uses ageAtStart from today)",due-now,doseLabel_dose1,synflorix,
synflorix-1727-count-without-dates-age1379d,15/01/2022,25/10/2025,3y 9m 10d,3,"","calculatePcv → started2YearsPlus (doses[] empty, uses ageAtStart from today)",due-now,doseLabel_dose1,synflorix,
synflorix-1730-count-without-dates-age1386d,15/01/2022,01/11/2025,3y 9m 17d,1,"","calculatePcv → started2YearsPlus (doses[] empty, uses ageAtStart from today)",due-now,doseLabel_dose1,synflorix,
synflorix-1733-count-without-dates-age1386d,15/01/2022,01/11/2025,3y 9m 17d,2,"","calculatePcv → started2YearsPlus (doses[] empty, uses ageAtStart from today)",due-now,doseLabel_dose1,synflorix,
synflorix-1736-count-without-dates-age1386d,15/01/2022,01/11/2025,3y 9m 17d,3,"","calculatePcv → started2YearsPlus (doses[] empty, uses ageAtStart from today)",due-now,doseLabel_dose1,synflorix,
synflorix-1739-count-without-dates-age1393d,15/01/2022,08/11/2025,3y 9m 24d,1,"","calculatePcv → started2YearsPlus (doses[] empty, uses ageAtStart from today)",due-now,doseLabel_dose1,synflorix,
synflorix-1742-count-without-dates-age1393d,15/01/2022,08/11/2025,3y 9m 24d,2,"","calculatePcv → started2YearsPlus (doses[] empty, uses ageAtStart from today)",due-now,doseLabel_dose1,synflorix,
synflorix-1745-count-without-dates-age1393d,15/01/2022,08/11/2025,3y 9m 24d,3,"","calculatePcv → started2YearsPlus (doses[] empty, uses ageAtStart from today)",due-now,doseLabel_dose1,synflorix,
synflorix-1748-count-without-dates-age1400d,15/01/2022,15/11/2025,3y 10m 0d,1,"","calculatePcv → started2YearsPlus (doses[] empty, uses ageAtStart from today)",due-now,doseLabel_dose1,synflorix,
synflorix-1751-count-without-dates-age1400d,15/01/2022,15/11/2025,3y 10m 0d,2,"","calculatePcv → started2YearsPlus (doses[] empty, uses ageAtStart from today)",due-now,doseLabel_dose1,synflorix,
synflorix-1754-count-without-dates-age1400d,15/01/2022,15/11/2025,3y 10m 0d,3,"","calculatePcv → started2YearsPlus (doses[] empty, uses ageAtStart from today)",due-now,doseLabel_dose1,synflorix,
synflorix-1757-count-without-dates-age1407d,15/01/2022,22/11/2025,3y 10m 7d,1,"","calculatePcv → started2YearsPlus (doses[] empty, uses ageAtStart from today)",due-now,doseLabel_dose1,synflorix,
synflorix-1760-count-without-dates-age1407d,15/01/2022,22/11/2025,3y 10m 7d,2,"","calculatePcv → started2YearsPlus (doses[] empty, uses ageAtStart from today)",due-now,doseLabel_dose1,synflorix,
synflorix-1763-count-without-dates-age1407d,15/01/2022,22/11/2025,3y 10m 7d,3,"","calculatePcv → started2YearsPlus (doses[] empty, uses ageAtStart from today)",due-now,doseLabel_dose1,synflorix,
synflorix-1766-count-without-dates-age1414d,15/01/2022,29/11/2025,3y 10m 14d,1,"","calculatePcv → started2YearsPlus (doses[] empty, uses ageAtStart from today)",due-now,doseLabel_dose1,synflorix,
synflorix-1769-count-without-dates-age1414d,15/01/2022,29/11/2025,3y 10m 14d,2,"","calculatePcv → started2YearsPlus (doses[] empty, uses ageAtStart from today)",due-now,doseLabel_dose1,synflorix,
synflorix-1772-count-without-dates-age1414d,15/01/2022,29/11/2025,3y 10m 14d,3,"","calculatePcv → started2YearsPlus (doses[] empty, uses ageAtStart from today)",due-now,doseLabel_dose1,synflorix,
synflorix-1775-count-without-dates-age1421d,15/01/2022,06/12/2025,3y 10m 21d,1,"","calculatePcv → started2YearsPlus (doses[] empty, uses ageAtStart from today)",due-now,doseLabel_dose1,synflorix,
synflorix-1778-count-without-dates-age1421d,15/01/2022,06/12/2025,3y 10m 21d,2,"","calculatePcv → started2YearsPlus (doses[] empty, uses ageAtStart from today)",due-now,doseLabel_dose1,synflorix,
synflorix-1781-count-without-dates-age1421d,15/01/2022,06/12/2025,3y 10m 21d,3,"","calculatePcv → started2YearsPlus (doses[] empty, uses ageAtStart from today)",due-now,doseLabel_dose1,synflorix,
synflorix-1784-count-without-dates-age1428d,15/01/2022,13/12/2025,3y 10m 28d,1,"","calculatePcv → started2YearsPlus (doses[] empty, uses ageAtStart from today)",due-now,doseLabel_dose1,synflorix,
synflorix-1787-count-without-dates-age1428d,15/01/2022,13/12/2025,3y 10m 28d,2,"","calculatePcv → started2YearsPlus (doses[] empty, uses ageAtStart from today)",due-now,doseLabel_dose1,synflorix,
synflorix-1790-count-without-dates-age1428d,15/01/2022,13/12/2025,3y 10m 28d,3,"","calculatePcv → started2YearsPlus (doses[] empty, uses ageAtStart from today)",due-now,doseLabel_dose1,synflorix,
synflorix-1793-count-without-dates-age1435d,15/01/2022,20/12/2025,3y 11m 5d,1,"","calculatePcv → started2YearsPlus (doses[] empty, uses ageAtStart from today)",due-now,doseLabel_dose1,synflorix,
synflorix-1796-count-without-dates-age1435d,15/01/2022,20/12/2025,3y 11m 5d,2,"","calculatePcv → started2YearsPlus (doses[] empty, uses ageAtStart from today)",due-now,doseLabel_dose1,synflorix,
synflorix-1799-count-without-dates-age1435d,15/01/2022,20/12/2025,3y 11m 5d,3,"","calculatePcv → started2YearsPlus (doses[] empty, uses ageAtStart from today)",due-now,doseLabel_dose1,synflorix,
synflorix-1802-count-without-dates-age1442d,15/01/2022,27/12/2025,3y 11m 12d,1,"","calculatePcv → started2YearsPlus (doses[] empty, uses ageAtStart from today)",due-now,doseLabel_dose1,synflorix,
synflorix-1805-count-without-dates-age1442d,15/01/2022,27/12/2025,3y 11m 12d,2,"","calculatePcv → started2YearsPlus (doses[] empty, uses ageAtStart from today)",due-now,doseLabel_dose1,synflorix,
synflorix-1808-count-without-dates-age1442d,15/01/2022,27/12/2025,3y 11m 12d,3,"","calculatePcv → started2YearsPlus (doses[] empty, uses ageAtStart from today)",due-now,doseLabel_dose1,synflorix,
synflorix-1811-count-without-dates-age1449d,15/01/2022,03/01/2026,3y 11m 19d,1,"","calculatePcv → started2YearsPlus (doses[] empty, uses ageAtStart from today)",due-now,doseLabel_dose1,synflorix,
synflorix-1814-count-without-dates-age1449d,15/01/2022,03/01/2026,3y 11m 19d,2,"","calculatePcv → started2YearsPlus (doses[] empty, uses ageAtStart from today)",due-now,doseLabel_dose1,synflorix,
synflorix-1817-count-without-dates-age1449d,15/01/2022,03/01/2026,3y 11m 19d,3,"","calculatePcv → started2YearsPlus (doses[] empty, uses ageAtStart from today)",due-now,doseLabel_dose1,synflorix,
synflorix-1820-count-without-dates-age1456d,15/01/2022,10/01/2026,3y 11m 26d,1,"","calculatePcv → started2YearsPlus (doses[] empty, uses ageAtStart from today)",due-now,doseLabel_dose1,synflorix,
synflorix-1823-count-without-dates-age1456d,15/01/2022,10/01/2026,3y 11m 26d,2,"","calculatePcv → started2YearsPlus (doses[] empty, uses ageAtStart from today)",due-now,doseLabel_dose1,synflorix,
synflorix-1826-count-without-dates-age1456d,15/01/2022,10/01/2026,3y 11m 26d,3,"","calculatePcv → started2YearsPlus (doses[] empty, uses ageAtStart from today)",due-now,doseLabel_dose1,synflorix,
synflorix-1829-count-without-dates-age1463d,15/01/2022,17/01/2026,4y 0m 2d,1,"","calculatePcv → started2YearsPlus (doses[] empty, uses ageAtStart from today)",due-now,doseLabel_dose1,synflorix,
synflorix-1832-count-without-dates-age1463d,15/01/2022,17/01/2026,4y 0m 2d,2,"","calculatePcv → started2YearsPlus (doses[] empty, uses ageAtStart from today)",due-now,doseLabel_dose1,synflorix,
synflorix-1835-count-without-dates-age1463d,15/01/2022,17/01/2026,4y 0m 2d,3,"","calculatePcv → started2YearsPlus (doses[] empty, uses ageAtStart from today)",due-now,doseLabel_dose1,synflorix,
synflorix-1838-count-without-dates-age1470d,15/01/2022,24/01/2026,4y 0m 9d,1,"","calculatePcv → started2YearsPlus (doses[] empty, uses ageAtStart from today)",due-now,doseLabel_dose1,synflorix,
synflorix-1841-count-without-dates-age1470d,15/01/2022,24/01/2026,4y 0m 9d,2,"","calculatePcv → started2YearsPlus (doses[] empty, uses ageAtStart from today)",due-now,doseLabel_dose1,synflorix,
synflorix-1844-count-without-dates-age1470d,15/01/2022,24/01/2026,4y 0m 9d,3,"","calculatePcv → started2YearsPlus (doses[] empty, uses ageAtStart from today)",due-now,doseLabel_dose1,synflorix,
synflorix-1847-count-without-dates-age1477d,15/01/2022,31/01/2026,4y 0m 16d,1,"","calculatePcv → started2YearsPlus (doses[] empty, uses ageAtStart from today)",due-now,doseLabel_dose1,synflorix,
synflorix-1850-count-without-dates-age1477d,15/01/2022,31/01/2026,4y 0m 16d,2,"","calculatePcv → started2YearsPlus (doses[] empty, uses ageAtStart from today)",due-now,doseLabel_dose1,synflorix,
synflorix-1853-count-without-dates-age1477d,15/01/2022,31/01/2026,4y 0m 16d,3,"","calculatePcv → started2YearsPlus (doses[] empty, uses ageAtStart from today)",due-now,doseLabel_dose1,synflorix,
synflorix-1856-count-without-dates-age1484d,15/01/2022,07/02/2026,4y 0m 23d,1,"","calculatePcv → started2YearsPlus (doses[] empty, uses ageAtStart from today)",due-now,doseLabel_dose1,synflorix,
synflorix-1859-count-without-dates-age1484d,15/01/2022,07/02/2026,4y 0m 23d,2,"","calculatePcv → started2YearsPlus (doses[] empty, uses ageAtStart from today)",due-now,doseLabel_dose1,synflorix,
synflorix-1862-count-without-dates-age1484d,15/01/2022,07/02/2026,4y 0m 23d,3,"","calculatePcv → started2YearsPlus (doses[] empty, uses ageAtStart from today)",due-now,doseLabel_dose1,synflorix,
synflorix-1865-count-without-dates-age1491d,15/01/2022,14/02/2026,4y 0m 30d,1,"","calculatePcv → started2YearsPlus (doses[] empty, uses ageAtStart from today)",due-now,doseLabel_dose1,synflorix,
synflorix-1868-count-without-dates-age1491d,15/01/2022,14/02/2026,4y 0m 30d,2,"","calculatePcv → started2YearsPlus (doses[] empty, uses ageAtStart from today)",due-now,doseLabel_dose1,synflorix,
synflorix-1871-count-without-dates-age1491d,15/01/2022,14/02/2026,4y 0m 30d,3,"","calculatePcv → started2YearsPlus (doses[] empty, uses ageAtStart from today)",due-now,doseLabel_dose1,synflorix,
synflorix-1874-count-without-dates-age1498d,15/01/2022,21/02/2026,4y 1m 6d,1,"","calculatePcv → started2YearsPlus (doses[] empty, uses ageAtStart from today)",due-now,doseLabel_dose1,synflorix,
synflorix-1877-count-without-dates-age1498d,15/01/2022,21/02/2026,4y 1m 6d,2,"","calculatePcv → started2YearsPlus (doses[] empty, uses ageAtStart from today)",due-now,doseLabel_dose1,synflorix,
synflorix-1880-count-without-dates-age1498d,15/01/2022,21/02/2026,4y 1m 6d,3,"","calculatePcv → started2YearsPlus (doses[] empty, uses ageAtStart from today)",due-now,doseLabel_dose1,synflorix,
synflorix-1883-count-without-dates-age1505d,15/01/2022,28/02/2026,4y 1m 13d,1,"","calculatePcv → started2YearsPlus (doses[] empty, uses ageAtStart from today)",due-now,doseLabel_dose1,synflorix,
synflorix-1886-count-without-dates-age1505d,15/01/2022,28/02/2026,4y 1m 13d,2,"","calculatePcv → started2YearsPlus (doses[] empty, uses ageAtStart from today)",due-now,doseLabel_dose1,synflorix,
synflorix-1889-count-without-dates-age1505d,15/01/2022,28/02/2026,4y 1m 13d,3,"","calculatePcv → started2YearsPlus (doses[] empty, uses ageAtStart from today)",due-now,doseLabel_dose1,synflorix,
synflorix-1892-count-without-dates-age1512d,15/01/2022,07/03/2026,4y 1m 20d,1,"","calculatePcv → started2YearsPlus (doses[] empty, uses ageAtStart from today)",due-now,doseLabel_dose1,synflorix,
synflorix-1895-count-without-dates-age1512d,15/01/2022,07/03/2026,4y 1m 20d,2,"","calculatePcv → started2YearsPlus (doses[] empty, uses ageAtStart from today)",due-now,doseLabel_dose1,synflorix,
synflorix-1898-count-without-dates-age1512d,15/01/2022,07/03/2026,4y 1m 20d,3,"","calculatePcv → started2YearsPlus (doses[] empty, uses ageAtStart from today)",due-now,doseLabel_dose1,synflorix,
synflorix-1901-count-without-dates-age1519d,15/01/2022,14/03/2026,4y 1m 27d,1,"","calculatePcv → started2YearsPlus (doses[] empty, uses ageAtStart from today)",due-now,doseLabel_dose1,synflorix,
synflorix-1904-count-without-dates-age1519d,15/01/2022,14/03/2026,4y 1m 27d,2,"","calculatePcv → started2YearsPlus (doses[] empty, uses ageAtStart from today)",due-now,doseLabel_dose1,synflorix,
synflorix-1907-count-without-dates-age1519d,15/01/2022,14/03/2026,4y 1m 27d,3,"","calculatePcv → started2YearsPlus (doses[] empty, uses ageAtStart from today)",due-now,doseLabel_dose1,synflorix,
synflorix-1910-count-without-dates-age1526d,15/01/2022,21/03/2026,4y 2m 6d,1,"","calculatePcv → started2YearsPlus (doses[] empty, uses ageAtStart from today)",due-now,doseLabel_dose1,synflorix,
synflorix-1913-count-without-dates-age1526d,15/01/2022,21/03/2026,4y 2m 6d,2,"","calculatePcv → started2YearsPlus (doses[] empty, uses ageAtStart from today)",due-now,doseLabel_dose1,synflorix,
synflorix-1916-count-without-dates-age1526d,15/01/2022,21/03/2026,4y 2m 6d,3,"","calculatePcv → started2YearsPlus (doses[] empty, uses ageAtStart from today)",due-now,doseLabel_dose1,synflorix,
synflorix-1919-count-without-dates-age1533d,15/01/2022,28/03/2026,4y 2m 13d,1,"","calculatePcv → started2YearsPlus (doses[] empty, uses ageAtStart from today)",due-now,doseLabel_dose1,synflorix,
synflorix-1922-count-without-dates-age1533d,15/01/2022,28/03/2026,4y 2m 13d,2,"","calculatePcv → started2YearsPlus (doses[] empty, uses ageAtStart from today)",due-now,doseLabel_dose1,synflorix,
synflorix-1925-count-without-dates-age1533d,15/01/2022,28/03/2026,4y 2m 13d,3,"","calculatePcv → started2YearsPlus (doses[] empty, uses ageAtStart from today)",due-now,doseLabel_dose1,synflorix,
synflorix-1928-count-without-dates-age1540d,15/01/2022,04/04/2026,4y 2m 20d,1,"","calculatePcv → started2YearsPlus (doses[] empty, uses ageAtStart from today)",due-now,doseLabel_dose1,synflorix,
synflorix-1931-count-without-dates-age1540d,15/01/2022,04/04/2026,4y 2m 20d,2,"","calculatePcv → started2YearsPlus (doses[] empty, uses ageAtStart from today)",due-now,doseLabel_dose1,synflorix,
synflorix-1934-count-without-dates-age1540d,15/01/2022,04/04/2026,4y 2m 20d,3,"","calculatePcv → started2YearsPlus (doses[] empty, uses ageAtStart from today)",due-now,doseLabel_dose1,synflorix,
synflorix-1937-count-without-dates-age1547d,15/01/2022,11/04/2026,4y 2m 27d,1,"","calculatePcv → started2YearsPlus (doses[] empty, uses ageAtStart from today)",due-now,doseLabel_dose1,synflorix,
synflorix-1940-count-without-dates-age1547d,15/01/2022,11/04/2026,4y 2m 27d,2,"","calculatePcv → started2YearsPlus (doses[] empty, uses ageAtStart from today)",due-now,doseLabel_dose1,synflorix,
synflorix-1943-count-without-dates-age1547d,15/01/2022,11/04/2026,4y 2m 27d,3,"","calculatePcv → started2YearsPlus (doses[] empty, uses ageAtStart from today)",due-now,doseLabel_dose1,synflorix,
synflorix-1946-count-without-dates-age1554d,15/01/2022,18/04/2026,4y 3m 3d,1,"","calculatePcv → started2YearsPlus (doses[] empty, uses ageAtStart from today)",due-now,doseLabel_dose1,synflorix,
synflorix-1949-count-without-dates-age1554d,15/01/2022,18/04/2026,4y 3m 3d,2,"","calculatePcv → started2YearsPlus (doses[] empty, uses ageAtStart from today)",due-now,doseLabel_dose1,synflorix,
synflorix-1952-count-without-dates-age1554d,15/01/2022,18/04/2026,4y 3m 3d,3,"","calculatePcv → started2YearsPlus (doses[] empty, uses ageAtStart from today)",due-now,doseLabel_dose1,synflorix,
synflorix-1955-count-without-dates-age1561d,15/01/2022,25/04/2026,4y 3m 10d,1,"","calculatePcv → started2YearsPlus (doses[] empty, uses ageAtStart from today)",due-now,doseLabel_dose1,synflorix,
synflorix-1958-count-without-dates-age1561d,15/01/2022,25/04/2026,4y 3m 10d,2,"","calculatePcv → started2YearsPlus (doses[] empty, uses ageAtStart from today)",due-now,doseLabel_dose1,synflorix,
synflorix-1961-count-without-dates-age1561d,15/01/2022,25/04/2026,4y 3m 10d,3,"","calculatePcv → started2YearsPlus (doses[] empty, uses ageAtStart from today)",due-now,doseLabel_dose1,synflorix,
synflorix-1964-count-without-dates-age1568d,15/01/2022,02/05/2026,4y 3m 17d,1,"","calculatePcv → started2YearsPlus (doses[] empty, uses ageAtStart from today)",due-now,doseLabel_dose1,synflorix,
synflorix-1967-count-without-dates-age1568d,15/01/2022,02/05/2026,4y 3m 17d,2,"","calculatePcv → started2YearsPlus (doses[] empty, uses ageAtStart from today)",due-now,doseLabel_dose1,synflorix,
synflorix-1970-count-without-dates-age1568d,15/01/2022,02/05/2026,4y 3m 17d,3,"","calculatePcv → started2YearsPlus (doses[] empty, uses ageAtStart from today)",due-now,doseLabel_dose1,synflorix,
synflorix-1973-count-without-dates-age1575d,15/01/2022,09/05/2026,4y 3m 24d,1,"","calculatePcv → started2YearsPlus (doses[] empty, uses ageAtStart from today)",due-now,doseLabel_dose1,synflorix,
synflorix-1976-count-without-dates-age1575d,15/01/2022,09/05/2026,4y 3m 24d,2,"","calculatePcv → started2YearsPlus (doses[] empty, uses ageAtStart from today)",due-now,doseLabel_dose1,synflorix,
synflorix-1979-count-without-dates-age1575d,15/01/2022,09/05/2026,4y 3m 24d,3,"","calculatePcv → started2YearsPlus (doses[] empty, uses ageAtStart from today)",due-now,doseLabel_dose1,synflorix,
synflorix-1982-count-without-dates-age1582d,15/01/2022,16/05/2026,4y 4m 1d,1,"","calculatePcv → started2YearsPlus (doses[] empty, uses ageAtStart from today)",due-now,doseLabel_dose1,synflorix,
synflorix-1985-count-without-dates-age1582d,15/01/2022,16/05/2026,4y 4m 1d,2,"","calculatePcv → started2YearsPlus (doses[] empty, uses ageAtStart from today)",due-now,doseLabel_dose1,synflorix,
synflorix-1988-count-without-dates-age1582d,15/01/2022,16/05/2026,4y 4m 1d,3,"","calculatePcv → started2YearsPlus (doses[] empty, uses ageAtStart from today)",due-now,doseLabel_dose1,synflorix,
synflorix-1991-count-without-dates-age1589d,15/01/2022,23/05/2026,4y 4m 8d,1,"","calculatePcv → started2YearsPlus (doses[] empty, uses ageAtStart from today)",due-now,doseLabel_dose1,synflorix,
synflorix-1994-count-without-dates-age1589d,15/01/2022,23/05/2026,4y 4m 8d,2,"","calculatePcv → started2YearsPlus (doses[] empty, uses ageAtStart from today)",due-now,doseLabel_dose1,synflorix,
synflorix-1997-count-without-dates-age1589d,15/01/2022,23/05/2026,4y 4m 8d,3,"","calculatePcv → started2YearsPlus (doses[] empty, uses ageAtStart from today)",due-now,doseLabel_dose1,synflorix,
synflorix-2000-count-without-dates-age1596d,15/01/2022,30/05/2026,4y 4m 15d,1,"","calculatePcv → started2YearsPlus (doses[] empty, uses ageAtStart from today)",due-now,doseLabel_dose1,synflorix,
synflorix-2003-count-without-dates-age1596d,15/01/2022,30/05/2026,4y 4m 15d,2,"","calculatePcv → started2YearsPlus (doses[] empty, uses ageAtStart from today)",due-now,doseLabel_dose1,synflorix,
synflorix-2006-count-without-dates-age1596d,15/01/2022,30/05/2026,4y 4m 15d,3,"","calculatePcv → started2YearsPlus (doses[] empty, uses ageAtStart from today)",due-now,doseLabel_dose1,synflorix,
synflorix-2009-count-without-dates-age1603d,15/01/2022,06/06/2026,4y 4m 22d,1,"","calculatePcv → started2YearsPlus (doses[] empty, uses ageAtStart from today)",due-now,doseLabel_dose1,synflorix,
synflorix-2012-count-without-dates-age1603d,15/01/2022,06/06/2026,4y 4m 22d,2,"","calculatePcv → started2YearsPlus (doses[] empty, uses ageAtStart from today)",due-now,doseLabel_dose1,synflorix,
synflorix-2015-count-without-dates-age1603d,15/01/2022,06/06/2026,4y 4m 22d,3,"","calculatePcv → started2YearsPlus (doses[] empty, uses ageAtStart from today)",due-now,doseLabel_dose1,synflorix,
synflorix-2018-count-without-dates-age1610d,15/01/2022,13/06/2026,4y 4m 29d,1,"","calculatePcv → started2YearsPlus (doses[] empty, uses ageAtStart from today)",due-now,doseLabel_dose1,synflorix,
synflorix-2021-count-without-dates-age1610d,15/01/2022,13/06/2026,4y 4m 29d,2,"","calculatePcv → started2YearsPlus (doses[] empty, uses ageAtStart from today)",due-now,doseLabel_dose1,synflorix,
synflorix-2024-count-without-dates-age1610d,15/01/2022,13/06/2026,4y 4m 29d,3,"","calculatePcv → started2YearsPlus (doses[] empty, uses ageAtStart from today)",due-now,doseLabel_dose1,synflorix,
synflorix-2027-count-without-dates-age1617d,15/01/2022,20/06/2026,4y 5m 5d,1,"","calculatePcv → started2YearsPlus (doses[] empty, uses ageAtStart from today)",due-now,doseLabel_dose1,synflorix,
synflorix-2030-count-without-dates-age1617d,15/01/2022,20/06/2026,4y 5m 5d,2,"","calculatePcv → started2YearsPlus (doses[] empty, uses ageAtStart from today)",due-now,doseLabel_dose1,synflorix,
synflorix-2033-count-without-dates-age1617d,15/01/2022,20/06/2026,4y 5m 5d,3,"","calculatePcv → started2YearsPlus (doses[] empty, uses ageAtStart from today)",due-now,doseLabel_dose1,synflorix,
synflorix-2036-count-without-dates-age1624d,15/01/2022,27/06/2026,4y 5m 12d,1,"","calculatePcv → started2YearsPlus (doses[] empty, uses ageAtStart from today)",due-now,doseLabel_dose1,synflorix,
synflorix-2039-count-without-dates-age1624d,15/01/2022,27/06/2026,4y 5m 12d,2,"","calculatePcv → started2YearsPlus (doses[] empty, uses ageAtStart from today)",due-now,doseLabel_dose1,synflorix,
synflorix-2042-count-without-dates-age1624d,15/01/2022,27/06/2026,4y 5m 12d,3,"","calculatePcv → started2YearsPlus (doses[] empty, uses ageAtStart from today)",due-now,doseLabel_dose1,synflorix,
synflorix-2045-count-without-dates-age1631d,15/01/2022,04/07/2026,4y 5m 19d,1,"","calculatePcv → started2YearsPlus (doses[] empty, uses ageAtStart from today)",due-now,doseLabel_dose1,synflorix,
synflorix-2048-count-without-dates-age1631d,15/01/2022,04/07/2026,4y 5m 19d,2,"","calculatePcv → started2YearsPlus (doses[] empty, uses ageAtStart from today)",due-now,doseLabel_dose1,synflorix,
synflorix-2051-count-without-dates-age1631d,15/01/2022,04/07/2026,4y 5m 19d,3,"","calculatePcv → started2YearsPlus (doses[] empty, uses ageAtStart from today)",due-now,doseLabel_dose1,synflorix,
synflorix-2054-count-without-dates-age1638d,15/01/2022,11/07/2026,4y 5m 26d,1,"","calculatePcv → started2YearsPlus (doses[] empty, uses ageAtStart from today)",due-now,doseLabel_dose1,synflorix,
synflorix-2057-count-without-dates-age1638d,15/01/2022,11/07/2026,4y 5m 26d,2,"","calculatePcv → started2YearsPlus (doses[] empty, uses ageAtStart from today)",due-now,doseLabel_dose1,synflorix,
synflorix-2060-count-without-dates-age1638d,15/01/2022,11/07/2026,4y 5m 26d,3,"","calculatePcv → started2YearsPlus (doses[] empty, uses ageAtStart from today)",due-now,doseLabel_dose1,synflorix,
synflorix-2063-count-without-dates-age1645d,15/01/2022,18/07/2026,4y 6m 3d,1,"","calculatePcv → started2YearsPlus (doses[] empty, uses ageAtStart from today)",due-now,doseLabel_dose1,synflorix,
synflorix-2066-count-without-dates-age1645d,15/01/2022,18/07/2026,4y 6m 3d,2,"","calculatePcv → started2YearsPlus (doses[] empty, uses ageAtStart from today)",due-now,doseLabel_dose1,synflorix,
synflorix-2069-count-without-dates-age1645d,15/01/2022,18/07/2026,4y 6m 3d,3,"","calculatePcv → started2YearsPlus (doses[] empty, uses ageAtStart from today)",due-now,doseLabel_dose1,synflorix,
synflorix-2072-count-without-dates-age1652d,15/01/2022,25/07/2026,4y 6m 10d,1,"","calculatePcv → started2YearsPlus (doses[] empty, uses ageAtStart from today)",due-now,doseLabel_dose1,synflorix,
synflorix-2075-count-without-dates-age1652d,15/01/2022,25/07/2026,4y 6m 10d,2,"","calculatePcv → started2YearsPlus (doses[] empty, uses ageAtStart from today)",due-now,doseLabel_dose1,synflorix,
synflorix-2078-count-without-dates-age1652d,15/01/2022,25/07/2026,4y 6m 10d,3,"","calculatePcv → started2YearsPlus (doses[] empty, uses ageAtStart from today)",due-now,doseLabel_dose1,synflorix,
synflorix-2081-count-without-dates-age1659d,15/01/2022,01/08/2026,4y 6m 17d,1,"","calculatePcv → started2YearsPlus (doses[] empty, uses ageAtStart from today)",due-now,doseLabel_dose1,synflorix,
synflorix-2084-count-without-dates-age1659d,15/01/2022,01/08/2026,4y 6m 17d,2,"","calculatePcv → started2YearsPlus (doses[] empty, uses ageAtStart from today)",due-now,doseLabel_dose1,synflorix,
synflorix-2087-count-without-dates-age1659d,15/01/2022,01/08/2026,4y 6m 17d,3,"","calculatePcv → started2YearsPlus (doses[] empty, uses ageAtStart from today)",due-now,doseLabel_dose1,synflorix,
synflorix-2090-count-without-dates-age1666d,15/01/2022,08/08/2026,4y 6m 24d,1,"","calculatePcv → started2YearsPlus (doses[] empty, uses ageAtStart from today)",due-now,doseLabel_dose1,synflorix,
synflorix-2093-count-without-dates-age1666d,15/01/2022,08/08/2026,4y 6m 24d,2,"","calculatePcv → started2YearsPlus (doses[] empty, uses ageAtStart from today)",due-now,doseLabel_dose1,synflorix,
synflorix-2096-count-without-dates-age1666d,15/01/2022,08/08/2026,4y 6m 24d,3,"","calculatePcv → started2YearsPlus (doses[] empty, uses ageAtStart from today)",due-now,doseLabel_dose1,synflorix,
synflorix-2099-count-without-dates-age1673d,15/01/2022,15/08/2026,4y 7m 0d,1,"","calculatePcv → started2YearsPlus (doses[] empty, uses ageAtStart from today)",due-now,doseLabel_dose1,synflorix,
synflorix-2102-count-without-dates-age1673d,15/01/2022,15/08/2026,4y 7m 0d,2,"","calculatePcv → started2YearsPlus (doses[] empty, uses ageAtStart from today)",due-now,doseLabel_dose1,synflorix,
synflorix-2105-count-without-dates-age1673d,15/01/2022,15/08/2026,4y 7m 0d,3,"","calculatePcv → started2YearsPlus (doses[] empty, uses ageAtStart from today)",due-now,doseLabel_dose1,synflorix,
synflorix-2108-count-without-dates-age1680d,15/01/2022,22/08/2026,4y 7m 7d,1,"","calculatePcv → started2YearsPlus (doses[] empty, uses ageAtStart from today)",due-now,doseLabel_dose1,synflorix,
synflorix-2111-count-without-dates-age1680d,15/01/2022,22/08/2026,4y 7m 7d,2,"","calculatePcv → started2YearsPlus (doses[] empty, uses ageAtStart from today)",due-now,doseLabel_dose1,synflorix,
synflorix-2114-count-without-dates-age1680d,15/01/2022,22/08/2026,4y 7m 7d,3,"","calculatePcv → started2YearsPlus (doses[] empty, uses ageAtStart from today)",due-now,doseLabel_dose1,synflorix,
synflorix-2117-count-without-dates-age1687d,15/01/2022,29/08/2026,4y 7m 14d,1,"","calculatePcv → started2YearsPlus (doses[] empty, uses ageAtStart from today)",due-now,doseLabel_dose1,synflorix,
synflorix-2120-count-without-dates-age1687d,15/01/2022,29/08/2026,4y 7m 14d,2,"","calculatePcv → started2YearsPlus (doses[] empty, uses ageAtStart from today)",due-now,doseLabel_dose1,synflorix,
synflorix-2123-count-without-dates-age1687d,15/01/2022,29/08/2026,4y 7m 14d,3,"","calculatePcv → started2YearsPlus (doses[] empty, uses ageAtStart from today)",due-now,doseLabel_dose1,synflorix,
synflorix-2126-count-without-dates-age1694d,15/01/2022,05/09/2026,4y 7m 21d,1,"","calculatePcv → started2YearsPlus (doses[] empty, uses ageAtStart from today)",due-now,doseLabel_dose1,synflorix,
synflorix-2129-count-without-dates-age1694d,15/01/2022,05/09/2026,4y 7m 21d,2,"","calculatePcv → started2YearsPlus (doses[] empty, uses ageAtStart from today)",due-now,doseLabel_dose1,synflorix,
synflorix-2132-count-without-dates-age1694d,15/01/2022,05/09/2026,4y 7m 21d,3,"","calculatePcv → started2YearsPlus (doses[] empty, uses ageAtStart from today)",due-now,doseLabel_dose1,synflorix,
synflorix-2135-count-without-dates-age1701d,15/01/2022,12/09/2026,4y 7m 28d,1,"","calculatePcv → started2YearsPlus (doses[] empty, uses ageAtStart from today)",due-now,doseLabel_dose1,synflorix,
synflorix-2138-count-without-dates-age1701d,15/01/2022,12/09/2026,4y 7m 28d,2,"","calculatePcv → started2YearsPlus (doses[] empty, uses ageAtStart from today)",due-now,doseLabel_dose1,synflorix,
synflorix-2141-count-without-dates-age1701d,15/01/2022,12/09/2026,4y 7m 28d,3,"","calculatePcv → started2YearsPlus (doses[] empty, uses ageAtStart from today)",due-now,doseLabel_dose1,synflorix,
synflorix-2144-count-without-dates-age1708d,15/01/2022,19/09/2026,4y 8m 4d,1,"","calculatePcv → started2YearsPlus (doses[] empty, uses ageAtStart from today)",due-now,doseLabel_dose1,synflorix,
synflorix-2147-count-without-dates-age1708d,15/01/2022,19/09/2026,4y 8m 4d,2,"","calculatePcv → started2YearsPlus (doses[] empty, uses ageAtStart from today)",due-now,doseLabel_dose1,synflorix,
synflorix-2150-count-without-dates-age1708d,15/01/2022,19/09/2026,4y 8m 4d,3,"","calculatePcv → started2YearsPlus (doses[] empty, uses ageAtStart from today)",due-now,doseLabel_dose1,synflorix,
synflorix-2153-count-without-dates-age1715d,15/01/2022,26/09/2026,4y 8m 11d,1,"","calculatePcv → started2YearsPlus (doses[] empty, uses ageAtStart from today)",due-now,doseLabel_dose1,synflorix,
synflorix-2156-count-without-dates-age1715d,15/01/2022,26/09/2026,4y 8m 11d,2,"","calculatePcv → started2YearsPlus (doses[] empty, uses ageAtStart from today)",due-now,doseLabel_dose1,synflorix,
synflorix-2159-count-without-dates-age1715d,15/01/2022,26/09/2026,4y 8m 11d,3,"","calculatePcv → started2YearsPlus (doses[] empty, uses ageAtStart from today)",due-now,doseLabel_dose1,synflorix,
synflorix-2162-count-without-dates-age1722d,15/01/2022,03/10/2026,4y 8m 18d,1,"","calculatePcv → started2YearsPlus (doses[] empty, uses ageAtStart from today)",due-now,doseLabel_dose1,synflorix,
synflorix-2165-count-without-dates-age1722d,15/01/2022,03/10/2026,4y 8m 18d,2,"","calculatePcv → started2YearsPlus (doses[] empty, uses ageAtStart from today)",due-now,doseLabel_dose1,synflorix,
synflorix-2168-count-without-dates-age1722d,15/01/2022,03/10/2026,4y 8m 18d,3,"","calculatePcv → started2YearsPlus (doses[] empty, uses ageAtStart from today)",due-now,doseLabel_dose1,synflorix,
synflorix-2171-count-without-dates-age1729d,15/01/2022,10/10/2026,4y 8m 25d,1,"","calculatePcv → started2YearsPlus (doses[] empty, uses ageAtStart from today)",due-now,doseLabel_dose1,synflorix,
synflorix-2174-count-without-dates-age1729d,15/01/2022,10/10/2026,4y 8m 25d,2,"","calculatePcv → started2YearsPlus (doses[] empty, uses ageAtStart from today)",due-now,doseLabel_dose1,synflorix,
synflorix-2177-count-without-dates-age1729d,15/01/2022,10/10/2026,4y 8m 25d,3,"","calculatePcv → started2YearsPlus (doses[] empty, uses ageAtStart from today)",due-now,doseLabel_dose1,synflorix,
synflorix-2180-count-without-dates-age1736d,15/01/2022,17/10/2026,4y 9m 2d,1,"","calculatePcv → started2YearsPlus (doses[] empty, uses ageAtStart from today)",due-now,doseLabel_dose1,synflorix,
synflorix-2183-count-without-dates-age1736d,15/01/2022,17/10/2026,4y 9m 2d,2,"","calculatePcv → started2YearsPlus (doses[] empty, uses ageAtStart from today)",due-now,doseLabel_dose1,synflorix,
synflorix-2186-count-without-dates-age1736d,15/01/2022,17/10/2026,4y 9m 2d,3,"","calculatePcv → started2YearsPlus (doses[] empty, uses ageAtStart from today)",due-now,doseLabel_dose1,synflorix,
synflorix-2189-count-without-dates-age1743d,15/01/2022,24/10/2026,4y 9m 9d,1,"","calculatePcv → started2YearsPlus (doses[] empty, uses ageAtStart from today)",due-now,doseLabel_dose1,synflorix,
synflorix-2192-count-without-dates-age1743d,15/01/2022,24/10/2026,4y 9m 9d,2,"","calculatePcv → started2YearsPlus (doses[] empty, uses ageAtStart from today)",due-now,doseLabel_dose1,synflorix,
synflorix-2195-count-without-dates-age1743d,15/01/2022,24/10/2026,4y 9m 9d,3,"","calculatePcv → started2YearsPlus (doses[] empty, uses ageAtStart from today)",due-now,doseLabel_dose1,synflorix,
synflorix-2198-count-without-dates-age1750d,15/01/2022,31/10/2026,4y 9m 16d,1,"","calculatePcv → started2YearsPlus (doses[] empty, uses ageAtStart from today)",due-now,doseLabel_dose1,synflorix,
synflorix-2201-count-without-dates-age1750d,15/01/2022,31/10/2026,4y 9m 16d,2,"","calculatePcv → started2YearsPlus (doses[] empty, uses ageAtStart from today)",due-now,doseLabel_dose1,synflorix,
synflorix-2204-count-without-dates-age1750d,15/01/2022,31/10/2026,4y 9m 16d,3,"","calculatePcv → started2YearsPlus (doses[] empty, uses ageAtStart from today)",due-now,doseLabel_dose1,synflorix,
synflorix-2207-count-without-dates-age1757d,15/01/2022,07/11/2026,4y 9m 23d,1,"","calculatePcv → started2YearsPlus (doses[] empty, uses ageAtStart from today)",due-now,doseLabel_dose1,synflorix,
synflorix-2210-count-without-dates-age1757d,15/01/2022,07/11/2026,4y 9m 23d,2,"","calculatePcv → started2YearsPlus (doses[] empty, uses ageAtStart from today)",due-now,doseLabel_dose1,synflorix,
synflorix-2213-count-without-dates-age1757d,15/01/2022,07/11/2026,4y 9m 23d,3,"","calculatePcv → started2YearsPlus (doses[] empty, uses ageAtStart from today)",due-now,doseLabel_dose1,synflorix,
synflorix-2216-count-without-dates-age1764d,15/01/2022,14/11/2026,4y 9m 30d,1,"","calculatePcv → started2YearsPlus (doses[] empty, uses ageAtStart from today)",due-now,doseLabel_dose1,synflorix,
synflorix-2219-count-without-dates-age1764d,15/01/2022,14/11/2026,4y 9m 30d,2,"","calculatePcv → started2YearsPlus (doses[] empty, uses ageAtStart from today)",due-now,doseLabel_dose1,synflorix,
synflorix-2222-count-without-dates-age1764d,15/01/2022,14/11/2026,4y 9m 30d,3,"","calculatePcv → started2YearsPlus (doses[] empty, uses ageAtStart from today)",due-now,doseLabel_dose1,synflorix,
synflorix-2225-count-without-dates-age1771d,15/01/2022,21/11/2026,4y 10m 6d,1,"","calculatePcv → started2YearsPlus (doses[] empty, uses ageAtStart from today)",due-now,doseLabel_dose1,synflorix,
synflorix-2228-count-without-dates-age1771d,15/01/2022,21/11/2026,4y 10m 6d,2,"","calculatePcv → started2YearsPlus (doses[] empty, uses ageAtStart from today)",due-now,doseLabel_dose1,synflorix,
synflorix-2231-count-without-dates-age1771d,15/01/2022,21/11/2026,4y 10m 6d,3,"","calculatePcv → started2YearsPlus (doses[] empty, uses ageAtStart from today)",due-now,doseLabel_dose1,synflorix,
synflorix-2234-count-without-dates-age1778d,15/01/2022,28/11/2026,4y 10m 13d,1,"","calculatePcv → started2YearsPlus (doses[] empty, uses ageAtStart from today)",due-now,doseLabel_dose1,synflorix,
synflorix-2237-count-without-dates-age1778d,15/01/2022,28/11/2026,4y 10m 13d,2,"","calculatePcv → started2YearsPlus (doses[] empty, uses ageAtStart from today)",due-now,doseLabel_dose1,synflorix,
synflorix-2240-count-without-dates-age1778d,15/01/2022,28/11/2026,4y 10m 13d,3,"","calculatePcv → started2YearsPlus (doses[] empty, uses ageAtStart from today)",due-now,doseLabel_dose1,synflorix,
synflorix-2243-count-without-dates-age1785d,15/01/2022,05/12/2026,4y 10m 20d,1,"","calculatePcv → started2YearsPlus (doses[] empty, uses ageAtStart from today)",due-now,doseLabel_dose1,synflorix,
synflorix-2246-count-without-dates-age1785d,15/01/2022,05/12/2026,4y 10m 20d,2,"","calculatePcv → started2YearsPlus (doses[] empty, uses ageAtStart from today)",due-now,doseLabel_dose1,synflorix,
synflorix-2249-count-without-dates-age1785d,15/01/2022,05/12/2026,4y 10m 20d,3,"","calculatePcv → started2YearsPlus (doses[] empty, uses ageAtStart from today)",due-now,doseLabel_dose1,synflorix,
synflorix-2252-count-without-dates-age1792d,15/01/2022,12/12/2026,4y 10m 27d,1,"","calculatePcv → started2YearsPlus (doses[] empty, uses ageAtStart from today)",due-now,doseLabel_dose1,synflorix,
synflorix-2255-count-without-dates-age1792d,15/01/2022,12/12/2026,4y 10m 27d,2,"","calculatePcv → started2YearsPlus (doses[] empty, uses ageAtStart from today)",due-now,doseLabel_dose1,synflorix,
synflorix-2258-count-without-dates-age1792d,15/01/2022,12/12/2026,4y 10m 27d,3,"","calculatePcv → started2YearsPlus (doses[] empty, uses ageAtStart from today)",due-now,doseLabel_dose1,synflorix,
synflorix-2261-count-without-dates-age1799d,15/01/2022,19/12/2026,4y 11m 4d,1,"","calculatePcv → started2YearsPlus (doses[] empty, uses ageAtStart from today)",due-now,doseLabel_dose1,synflorix,
synflorix-2264-count-without-dates-age1799d,15/01/2022,19/12/2026,4y 11m 4d,2,"","calculatePcv → started2YearsPlus (doses[] empty, uses ageAtStart from today)",due-now,doseLabel_dose1,synflorix,
synflorix-2267-count-without-dates-age1799d,15/01/2022,19/12/2026,4y 11m 4d,3,"","calculatePcv → started2YearsPlus (doses[] empty, uses ageAtStart from today)",due-now,doseLabel_dose1,synflorix,
synflorix-2270-count-without-dates-age1806d,15/01/2022,26/12/2026,4y 11m 11d,1,"","calculatePcv → started2YearsPlus (doses[] empty, uses ageAtStart from today)",due-now,doseLabel_dose1,synflorix,
synflorix-2273-count-without-dates-age1806d,15/01/2022,26/12/2026,4y 11m 11d,2,"","calculatePcv → started2YearsPlus (doses[] empty, uses ageAtStart from today)",due-now,doseLabel_dose1,synflorix,
synflorix-2276-count-without-dates-age1806d,15/01/2022,26/12/2026,4y 11m 11d,3,"","calculatePcv → started2YearsPlus (doses[] empty, uses ageAtStart from today)",due-now,doseLabel_dose1,synflorix,
synflorix-2279-count-without-dates-age1813d,15/01/2022,02/01/2027,4y 11m 18d,1,"","calculatePcv → started2YearsPlus (doses[] empty, uses ageAtStart from today)",due-now,doseLabel_dose1,synflorix,
synflorix-2282-count-without-dates-age1813d,15/01/2022,02/01/2027,4y 11m 18d,2,"","calculatePcv → started2YearsPlus (doses[] empty, uses ageAtStart from today)",due-now,doseLabel_dose1,synflorix,
synflorix-2285-count-without-dates-age1813d,15/01/2022,02/01/2027,4y 11m 18d,3,"","calculatePcv → started2YearsPlus (doses[] empty, uses ageAtStart from today)",due-now,doseLabel_dose1,synflorix,
synflorix-2288-count-without-dates-age1820d,15/01/2022,09/01/2027,4y 11m 25d,1,"","calculatePcv → started2YearsPlus (doses[] empty, uses ageAtStart from today)",due-now,doseLabel_dose1,synflorix,
synflorix-2291-count-without-dates-age1820d,15/01/2022,09/01/2027,4y 11m 25d,2,"","calculatePcv → started2YearsPlus (doses[] empty, uses ageAtStart from today)",due-now,doseLabel_dose1,synflorix,
synflorix-2294-count-without-dates-age1820d,15/01/2022,09/01/2027,4y 11m 25d,3,"","calculatePcv → started2YearsPlus (doses[] empty, uses ageAtStart from today)",due-now,doseLabel_dose1,synflorix,